"ID Fiche Terrain";"Libellé Sortie";"ID Fiche Fréquentation";"Libellé Territoire";"Code Habitat";"Libellé Habitat";"Heure Comptage";"Nb Total";"Nb Adultes";"Nb Enfants";"Autres usages";"Commentaires"
243509;"Perharidy_01/02/2014_13:20_Orélie Rosec_4830";243510;"Pays de Morlaix";"MORL_03_CDB";"Perharidy (champ de blocs)";"01:20";14;14;0;"Promeneurs, joggeurs";
244021;"Perharidy_02/03/2014_12:30_Orélie Rosec_4849";244022;"Pays de Morlaix";"MORL_03_CDB";"Perharidy (champ de blocs)";"12:30";42;42;0;"";
244149;"Champeaux_03/03/2014_NC_NC_6810";244150;"Golfe Normand Breton";"GONB_04B_HRM";"Récifs d'hermelles de Champeaux (Plage St Michel à  la cabane Vauban de Champeaux)";;86;;;"";
244243;"Beg Lann_CDB_19/03/2014_12:15_NA_10810";244244;"Golfe du Morbihan";"GDMO_04_CDB";"Beg Lann (champ de blocs)";"12:15";0;;;"";
244249;"Perharidy_19/03/2014_14:15_Florine Even_4859";244250;"Pays de Morlaix";"MORL_03_CDB";"Perharidy (champ de blocs)";"02:15";5;3;2;"Promeneurs, joggeurs";
244277;"Perharidy_29/03/2014_11:10_Florine Even_4866";244278;"Pays de Morlaix";"MORL_03_CDB";"Perharidy (champ de blocs)";"11:10";24;20;4;"Promeneurs, joggeurs";
244321;"Beg Lann_CDB_31/03/2014_12:20_NA_10811";244322;"Golfe du Morbihan";"GDMO_04_CDB";"Beg Lann (champ de blocs)";"12:20";12;;;"";
244345;"Champeaux_01/04/2014_15:10_AAMP_6813";244346;"Golfe Normand Breton";"GONB_04B_HRM";"Récifs d'hermelles de Champeaux (Plage St Michel à  la cabane Vauban de Champeaux)";"03:10";74;;;"";
244347;"Champeaux_01/04/2014_15:30_AAMP_6814";244348;"Golfe Normand Breton";"GONB_04B_HRM";"Récifs d'hermelles de Champeaux (Plage St Michel à  la cabane Vauban de Champeaux)";"03:30";90;;;"";
244385;"Perharidy_04/04/2014_16:10_Florine Even_4872";244386;"Pays de Morlaix";"MORL_03_CDB";"Perharidy (champ de blocs)";"04:10";0;;;"Promeneurs, joggeurs";
244409;"Champeaux_13/04/2014_NC_NC_6816";244410;"Golfe Normand Breton";"GONB_04B_HRM";"Récifs d'hermelles de Champeaux (Plage St Michel à  la cabane Vauban de Champeaux)";;137;;;"";
244415;"Beg Lann_CDB_14/04/2014_12:30_NA_10812";244416;"Golfe du Morbihan";"GDMO_04_CDB";"Beg Lann (champ de blocs)";"12:30";3;;;"";
244421;"Champeaux_14/04/2014_NC_NC_6818";244422;"Golfe Normand Breton";"GONB_04B_HRM";"Récifs d'hermelles de Champeaux (Plage St Michel à  la cabane Vauban de Champeaux)";;34;;;"";
244519;"Champeaux_22/04/2014_NC_NC_6819";244520;"Golfe Normand Breton";"GONB_04B_HRM";"Récifs d'hermelles de Champeaux (Plage St Michel à  la cabane Vauban de Champeaux)";;0;;;"";
244521;"Champeaux_22/04/2014_NC_NC_6820";244522;"Golfe Normand Breton";"GONB_04B_HRM";"Récifs d'hermelles de Champeaux (Plage St Michel à  la cabane Vauban de Champeaux)";;6;;;"";
244697;"Perharidy_30/04/2014_13:00_Florine Even_4880";244698;"Pays de Morlaix";"MORL_03_CDB";"Perharidy (champ de blocs)";"01:00";6;4;2;"Pêche à pied professionnelle | Promeneurs, joggeurs | Autres pêches de loisir";
244789;"Perharidy_03/05/2014_15:15_Florine Even_4885";244790;"Pays de Morlaix";"MORL_03_CDB";"Perharidy (champ de blocs)";"03:15";4;;;"Promeneurs, joggeurs";
244921;"La Falaise_CDB_15/05/2014_11:56_NA_10910";244922;"Golfe du Morbihan";"GDMO_01_CDB";"Locmariaquer (champ de blocs)";"11:56";14;;;"";
245121;"Beg Lann_CDB_16/05/2014_13:00_NA_10813";245122;"Golfe du Morbihan";"GDMO_04_CDB";"Beg Lann (champ de blocs)";"01:00";4;;;"";
245157;"Perharidy_16/05/2014_14:50_Elise Quéré_4897";245158;"Pays de Morlaix";"MORL_03_CDB";"Perharidy (champ de blocs)";"02:50";18;;;"Promeneurs, joggeurs";
245211;"Beg Lann_CDB_18/05/2014_14:10_NA_10814";245212;"Golfe du Morbihan";"GDMO_04_CDB";"Beg Lann (champ de blocs)";"02:10";5;;;"";
245341;"Beg Lann_CDB_26/05/2014_09:35_NA_10815";245342;"Golfe du Morbihan";"GDMO_04_CDB";"Beg Lann (champ de blocs)";"09:35";1;;;"";
245381;"Perharidy_28/05/2014_13:00_Florine Even_4905";245382;"Pays de Morlaix";"MORL_03_CDB";"Perharidy (champ de blocs)";"01:00";1;;;"Promeneurs, joggeurs";
245391;"Herbier_des_Haas_29/05/2014_NC_NC_6826";245392;"Golfe Normand Breton";"GONB_01C_HRB";"Les Haas (herbier)";;25;;;"";
245589;"Beg Lann_CDB_13/06/2014_11:35_NA_10816";245590;"Golfe du Morbihan";"GDMO_04_CDB";"Beg Lann (champ de blocs)";"11:35";9;;;"";
245645;"Beg Lann_CDB_14/06/2014_12:50_NA_10817";245646;"Golfe du Morbihan";"GDMO_04_CDB";"Beg Lann (champ de blocs)";"12:50";8;;;"";
245727;"La Falaise_CDB_14/06/2014_11:45_NA_10911";245728;"Golfe du Morbihan";"GDMO_01_CDB";"Locmariaquer (champ de blocs)";"11:45";20;;;"";
245795;"Perharidy_14/06/2014_14:10_Michael Tanghe_4921";245796;"Pays de Morlaix";"MORL_03_CDB";"Perharidy (champ de blocs)";"02:10";8;;;"Promeneurs, joggeurs";
245893;"Herbier_des_Haas_15/06/2014_NC_NC_6832";245894;"Golfe Normand Breton";"GONB_01C_HRB";"Les Haas (herbier)";;20;;;"";
245923;"La_Rairie_16/06/2014_15:30_SYMEL_6833";245924;"Golfe Normand Breton";"GONB_05G_HRB";"La Rairie (herbier)";"03:30";0;;;"";
245971;"Beg Lann_CDB_19/06/2014_16:45_NA_10818";245972;"Golfe du Morbihan";"GDMO_04_CDB";"Beg Lann (champ de blocs)";"04:45";11;;;"";
246035;"Beg Lann_CDB_25/06/2014_09:50_NA_10819";246036;"Golfe du Morbihan";"GDMO_04_CDB";"Beg Lann (champ de blocs)";"09:50";2;;;"";
246039;"Boed_HRB_25/06/2014_12:10_NA_10679";246040;"Golfe du Morbihan";"GDMO_03_HRB";"Boëd (herbier)";"12:10";4;;;"";
246079;"Beg Lann_CDB_28/06/2014_11:50_NA_10820";246080;"Golfe du Morbihan";"GDMO_04_CDB";"Beg Lann (champ de blocs)";"11:50";0;;;"";
246083;"Boed_HRB_28/06/2014_14:05_NA_10680";246084;"Golfe du Morbihan";"GDMO_03_HRB";"Boëd (herbier)";"02:05";0;;;"";
246363;"Perharidy_12/07/2014_13:00_Florine Even_4937";246364;"Pays de Morlaix";"MORL_03_CDB";"Perharidy (champ de blocs)";"01:00";9;9;0;"Promeneurs, joggeurs";
246385;"Herbier_des_Haas_13/07/2014_NC_NC_6837";246386;"Golfe Normand Breton";"GONB_01C_HRB";"Les Haas (herbier)";;74;;;"";
246557;"Herbier_des_Haas_14/07/2014_NC_NC_6839";246558;"Golfe Normand Breton";"GONB_01C_HRB";"Les Haas (herbier)";;60;;;"";
246727;"Sainte-Anne_14/07/2014_NC_NC_6838";246728;"Golfe Normand Breton";"GONB_03E_HRM";"Récifs d'hermelles de Sainte-Anne";;70;;;"";
246759;"Beg Lann_CDB_15/07/2014_12:54_NA_10821";246760;"Golfe du Morbihan";"GDMO_04_CDB";"Beg Lann (champ de blocs)";"12:54";23;;;"";
246841;"La Falaise_CDB_17/07/2014_15:10_NA_10912";246842;"Golfe du Morbihan";"GDMO_01_CDB";"Locmariaquer (champ de blocs)";"03:10";6;;;"";
246851;"Perharidy_17/07/2014_17:30_Florine Even_4946";246852;"Pays de Morlaix";"MORL_03_CDB";"Perharidy (champ de blocs)";"05:30";7;;;"Promeneurs, joggeurs";
246925;"Perharidy_23/07/2014_10:30_Florine Even_4951";246926;"Pays de Morlaix";"MORL_03_CDB";"Perharidy (champ de blocs)";"10:30";7;6;1;"Promeneurs, joggeurs";
246969;"Boed_HRB_25/07/2014_12:30_NA_10681";246970;"Golfe du Morbihan";"GDMO_03_HRB";"Boëd (herbier)";"12:30";8;;;"";
246993;"Perharidy_26/07/2014_NA_Florine Even_4955";246994;"Pays de Morlaix";"MORL_03_CDB";"Perharidy (champ de blocs)";;3;;;"Promeneurs, joggeurs";
247005;"Beg Lann_CDB_28/07/2014_12:07_NA_10822";247006;"Golfe du Morbihan";"GDMO_04_CDB";"Beg Lann (champ de blocs)";"12:07";9;;;"";
247023;"La Falaise_CDB_28/07/2014_12:15_NA_10913";247024;"Golfe du Morbihan";"GDMO_01_CDB";"Locmariaquer (champ de blocs)";"12:15";23;;;"";
247039;"Beg Lann_CDB_29/07/2014_12:35_NA_10823";247040;"Golfe du Morbihan";"GDMO_04_CDB";"Beg Lann (champ de blocs)";"12:35";18;;;"";
247043;"Boed_HRB_29/07/2014_15:50_NA_10682";247044;"Golfe du Morbihan";"GDMO_03_HRB";"Boëd (herbier)";"03:50";2;;;"";
247047;"Perharidy_29/07/2014_14:50_Florine Even_4961";247048;"Pays de Morlaix";"MORL_03_CDB";"Perharidy (champ de blocs)";"02:50";8;7;1;"Promeneurs, joggeurs";
247099;"La Falaise_CDB_31/07/2014_14:00_NA_10914";247100;"Golfe du Morbihan";"GDMO_01_CDB";"Locmariaquer (champ de blocs)";"02:00";6;;;"";
247117;"Beg Lann_CDB_01/08/2014_14:15_NA_10824";247118;"Golfe du Morbihan";"GDMO_04_CDB";"Beg Lann (champ de blocs)";"02:15";9;;;"";
247209;"Beg Lann_CDB_08/08/2014_09:35_NA_10825";247210;"Golfe du Morbihan";"GDMO_04_CDB";"Beg Lann (champ de blocs)";"09:35";1;;;"";
247213;"Boëd_CDB_08/08/2014_11:10_NA_10750";247214;"Golfe du Morbihan";"GDMO_03_HRB";"Boëd (herbier)";"11:10";0;;;"";
247233;"Boed_HRB_10/08/2014_12:40_NA_10683";247234;"Golfe du Morbihan";"GDMO_03_HRB";"Boëd (herbier)";"12:40";1;;;"";
247245;"La Falaise_CDB_10/08/2014_10:33_NA_10915";247246;"Golfe du Morbihan";"GDMO_01_CDB";"Locmariaquer (champ de blocs)";"10:33";12;;;"";
247271;"Boed_HRB_11/08/2014_13:30_NA_10684";247272;"Golfe du Morbihan";"GDMO_03_HRB";"Boëd (herbier)";"01:30";14;;;"";
247461;"Beg Lann_CDB_12/08/2014_12:44_NA_10826";247462;"Golfe du Morbihan";"GDMO_04_CDB";"Beg Lann (champ de blocs)";"12:44";21;;;"";
247485;"Champeaux_12/08/2014_NC_NC_6843";247486;"Golfe Normand Breton";"GONB_04B_HRM";"Récifs d'hermelles de Champeaux (Plage St Michel à  la cabane Vauban de Champeaux)";;512;;;"";
247651;"Perharidy_12/08/2014_14:30_Florine Even_4983";247652;"Pays de Morlaix";"MORL_03_CDB";"Perharidy (champ de blocs)";"02:30";35;30;5;"";
247741;"Sainte-Anne_12/08/2014_NC_NC_6844";247742;"Golfe Normand Breton";"GONB_03E_HRM";"Récifs d'hermelles de Sainte-Anne";;200;;;"";
247807;"Herbier_des_Haas_13/08/2014_NC_NC_6846";247808;"Golfe Normand Breton";"GONB_01C_HRB";"Les Haas (herbier)";;180;;;"";
247821;"La Falaise_CDB_13/08/2014_13:00_NA_10916";247822;"Golfe du Morbihan";"GDMO_01_CDB";"Locmariaquer (champ de blocs)";"01:00";35;;;"";
247857;"SAINT-NICOLAS / BANNANEC_HRBHAB_13/08/2014_13:08_MD - AL - FB - CG_11112";247858;"Finistère Sud";"FINS_12_HRB";"Saint-Nicolas des Glénan (herbier)";"01:08";20;;;"";
247883;"Herbier_des_Haas_14/08/2014_NC_NC_6847";247884;"Golfe Normand Breton";"GONB_01C_HRB";"Les Haas (herbier)";;55;;;"";
247971;"Perharidy_24/08/2014_12:15_andreas lauro_4995";247972;"Pays de Morlaix";"MORL_03_CDB";"Perharidy (champ de blocs)";"12:15";1;1;0;"Promeneurs, joggeurs";
247981;"Beg Lann_CDB_25/08/2014_11:20_NA_10827";247982;"Golfe du Morbihan";"GDMO_04_CDB";"Beg Lann (champ de blocs)";"11:20";0;;;"";
248015;"Perharidy_26/08/2014_13:45_Florine Even_4999";248016;"Pays de Morlaix";"MORL_03_CDB";"Perharidy (champ de blocs)";"01:45";3;3;0;"";
248049;"Beg Lann_CDB_28/08/2014_13:00_NA_10828";248050;"Golfe du Morbihan";"GDMO_04_CDB";"Beg Lann (champ de blocs)";"01:00";10;;;"";
248057;"La Falaise_CDB_28/08/2014_13:10_NA_10917";248058;"Golfe du Morbihan";"GDMO_01_CDB";"Locmariaquer (champ de blocs)";"01:10";1;;;"";
248065;"Perharidy_28/08/2014_14:45_Florine Even_5003";248066;"Pays de Morlaix";"MORL_03_CDB";"Perharidy (champ de blocs)";"02:45";20;20;0;"Promeneurs, joggeurs";
248207;"La Falaise_CDB_09/09/2014_11:20_NA_10918";248208;"Golfe du Morbihan";"GDMO_01_CDB";"Locmariaquer (champ de blocs)";"11:20";34;;;"";
248397;"Beg Lann_CDB_10/09/2014_12:40_NA_10829";248398;"Golfe du Morbihan";"GDMO_04_CDB";"Beg Lann (champ de blocs)";"12:40";22;;;"";
248483;"Herbier_des_Haas_10/09/2014_NC_NC_6857";248484;"Golfe Normand Breton";"GONB_01C_HRB";"Les Haas (herbier)";;108;;;"";
248525;"La Falaise_CDB_10/09/2014_12:00_NA_10919";248526;"Golfe du Morbihan";"GDMO_01_CDB";"Locmariaquer (champ de blocs)";"12:00";50;;;"";
248609;"Perharidy_10/09/2014_14:10_Florine Even_5013";248610;"Pays de Morlaix";"MORL_03_CDB";"Perharidy (champ de blocs)";"02:10";24;24;0;"Promeneurs, joggeurs";
248715;"Sainte-Anne_10/09/2014_NC_NC_6855";248716;"Golfe Normand Breton";"GONB_03E_HRM";"Récifs d'hermelles de Sainte-Anne";;85;;;"";
248771;"Herbier_des_Haas_11/09/2014_NC_NC_6860";248772;"Golfe Normand Breton";"GONB_01C_HRB";"Les Haas (herbier)";;53;;;"";
248791;"MOUSTERLIN_CDB_11/09/2014_12:30_AL_11040";248792;"Finistère Sud";"FINS_02_CDB";"Pointe de Mousterlin (champ de blocs)";"12:30";3;;;"";
248811;"Beg Lann_CDB_12/09/2014_13:01_NA_10830";248812;"Golfe du Morbihan";"GDMO_04_CDB";"Beg Lann (champ de blocs)";"01:01";10;;;"";
248815;"Boëd_CDB_12/09/2014_15:36_NA_10751";248816;"Golfe du Morbihan";"GDMO_03_HRB";"Boëd (herbier)";"03:36";6;;;"";
248973;"Champeaux_19/09/2014_NC_NC_6861";248974;"Golfe Normand Breton";"GONB_04B_HRM";"Récifs d'hermelles de Champeaux (Plage St Michel à  la cabane Vauban de Champeaux)";;0;;;"";
249015;"Herbier_des_Haas_23/09/2014_NC_NC_6862";249016;"Golfe Normand Breton";"GONB_01C_HRB";"Les Haas (herbier)";;19;;;"";
249035;"Champeaux_24/09/2014_NC_NC_6863";249036;"Golfe Normand Breton";"GONB_04B_HRM";"Récifs d'hermelles de Champeaux (Plage St Michel à  la cabane Vauban de Champeaux)";;103;;;"";
249065;"MOUSTERLIN_CDB_24/09/2014_11:40_AL_11041";249066;"Finistère Sud";"FINS_02_CDB";"Pointe de Mousterlin (champ de blocs)";"11:40";-999;;;"";
249069;"Perharidy_24/09/2014_13:40_Florine Even_5041";249070;"Pays de Morlaix";"MORL_03_CDB";"Perharidy (champ de blocs)";"01:40";7;7;0;"Promeneurs, joggeurs";
249133;"Beg Lann_CDB_26/09/2014_12:25_NA_10831";249134;"Golfe du Morbihan";"GDMO_04_CDB";"Beg Lann (champ de blocs)";"12:25";5;;;"";
249139;"La Falaise_CDB_26/09/2014_12:45_NA_10920";249140;"Golfe du Morbihan";"GDMO_01_CDB";"Locmariaquer (champ de blocs)";"12:45";2;;;"";
249157;"Perharidy_27/09/2014_14:55_Michael Tanghe_5043";249158;"Pays de Morlaix";"MORL_03_CDB";"Perharidy (champ de blocs)";"02:55";15;10;5;"Promeneurs, joggeurs";
249181;"Beg Lann_CDB_28/09/2014_13:35_NA_10832";249182;"Golfe du Morbihan";"GDMO_04_CDB";"Beg Lann (champ de blocs)";"01:35";1;;;"";
249185;"Boëd_CDB_28/09/2014_15:55_NA_10752";249186;"Golfe du Morbihan";"GDMO_03_HRB";"Boëd (herbier)";"03:55";2;;;"";
249197;"La Falaise_CDB_28/09/2014_13:45_NA_10921";249198;"Golfe du Morbihan";"GDMO_01_CDB";"Locmariaquer (champ de blocs)";"01:45";1;;;"";
249261;"Herbier_des_Haas_07/10/2014_NC_NC_6867";249262;"Golfe Normand Breton";"GONB_01C_HRB";"Les Haas (herbier)";;20;;;"";
249263;"Perharidy_07/10/2014_11:45_Florine Even_5047";249264;"Pays de Morlaix";"MORL_03_CDB";"Perharidy (champ de blocs)";"11:45";4;4;0;"";
249295;"Perharidy_08/10/2014_12:10_Michael Tanghe_5048";249296;"Pays de Morlaix";"MORL_03_CDB";"Perharidy (champ de blocs)";"12:10";8;8;0;"Promeneurs, joggeurs";
249357;"MOUSTERLIN_CDB_09/10/2014_NA_AL_11042";249358;"Finistère Sud";"FINS_02_CDB";"Pointe de Mousterlin (champ de blocs)";;3;;;"";
249399;"Champeaux_10/10/2014_15:33_NC_6869";249400;"Golfe Normand Breton";"GONB_04B_HRM";"Récifs d'hermelles de Champeaux (Plage St Michel à  la cabane Vauban de Champeaux)";"03:33";111;;;"";
249401;"Champeaux_10/10/2014_16:03_NC_6870";249402;"Golfe Normand Breton";"GONB_04B_HRM";"Récifs d'hermelles de Champeaux (Plage St Michel à  la cabane Vauban de Champeaux)";"04:03";125;;;"";
249403;"Champeaux_10/10/2014_16:33_NC_6871";249404;"Golfe Normand Breton";"GONB_04B_HRM";"Récifs d'hermelles de Champeaux (Plage St Michel à  la cabane Vauban de Champeaux)";"04:33";102;;;"";
249419;"MOUSTERLIN_CDB_10/10/2014_NA_AL_11043";249420;"Finistère Sud";"FINS_02_CDB";"Pointe de Mousterlin (champ de blocs)";;4;;;"";
249433;"MOUSTERLIN_CDB_11/10/2014_NA_AL_11044";249434;"Finistère Sud";"FINS_02_CDB";"Pointe de Mousterlin (champ de blocs)";;3;;;"";
249437;"Perharidy_11/10/2014_13:45_Florine Even_5050";249438;"Pays de Morlaix";"MORL_03_CDB";"Perharidy (champ de blocs)";"01:45";8;8;0;"Promeneurs, joggeurs";
249507;"MOUSTERLIN_CDB_23/10/2014_10:55_AL_11045";249508;"Finistère Sud";"FINS_02_CDB";"Pointe de Mousterlin (champ de blocs)";"10:55";-999;;;"";
249655;"Champeaux_04/11/2014_NC_NC_6873";249656;"Golfe Normand Breton";"GONB_04B_HRM";"Récifs d'hermelles de Champeaux (Plage St Michel à  la cabane Vauban de Champeaux)";;37;;;"";
249689;"Champeaux_06/11/2014_NC_NC_6874";249690;"Golfe Normand Breton";"GONB_04B_HRM";"Récifs d'hermelles de Champeaux (Plage St Michel à  la cabane Vauban de Champeaux)";;150;;;"";
249831;"Champeaux_07/11/2014_13:28_NC_6876";249832;"Golfe Normand Breton";"GONB_04B_HRM";"Récifs d'hermelles de Champeaux (Plage St Michel à  la cabane Vauban de Champeaux)";"01:28";97;;;"";
249833;"Champeaux_07/11/2014_13:58_NC_6877";249834;"Golfe Normand Breton";"GONB_04B_HRM";"Récifs d'hermelles de Champeaux (Plage St Michel à  la cabane Vauban de Champeaux)";"01:58";124;;;"";
249835;"Champeaux_07/11/2014_14:28_NC_6878";249836;"Golfe Normand Breton";"GONB_04B_HRM";"Récifs d'hermelles de Champeaux (Plage St Michel à  la cabane Vauban de Champeaux)";"02:28";135;;;"";
249849;"Herbier_des_Haas_07/11/2014_NC_NC_6884";249850;"Golfe Normand Breton";"GONB_01C_HRB";"Les Haas (herbier)";;17;;;"";
249865;"Perharidy_07/11/2014_12:20_Michael Tanghe_5067";249866;"Pays de Morlaix";"MORL_03_CDB";"Perharidy (champ de blocs)";"12:20";0;0;0;"";
249887;"Sainte-Anne_07/11/2014_NC_NC_6883";249888;"Golfe Normand Breton";"GONB_03E_HRM";"Récifs d'hermelles de Sainte-Anne";;4;;;"";
249937;"MOUSTERLIN_CDB_13/11/2014_14:50_AL_11046";249938;"Finistère Sud";"FINS_02_CDB";"Pointe de Mousterlin (champ de blocs)";"02:50";-999;;;"";
249957;"Herbier_des_Haas_19/11/2014_NC_NC_6886";249958;"Golfe Normand Breton";"GONB_01C_HRB";"Les Haas (herbier)";;1;;;"";
249959;"Perharidy_20/11/2014_10:10_Michael Tanghe_5068";249960;"Pays de Morlaix";"MORL_03_CDB";"Perharidy (champ de blocs)";"10:10";0;0;0;"";
250047;"Champeaux_02/12/2014_NC_NC_6887";250048;"Golfe Normand Breton";"GONB_04B_HRM";"Récifs d'hermelles de Champeaux (Plage St Michel à  la cabane Vauban de Champeaux)";;6;;;"";
250049;"Perharidy_03/12/2014_09:25_Michael Tanghe_5073";250050;"Pays de Morlaix";"MORL_03_CDB";"Perharidy (champ de blocs)";"09:25";1;1;0;"Promeneurs, joggeurs";
250081;"MOUSTERLIN_CDB_05/12/2014_09:18_AL_11047";250082;"Finistère Sud";"FINS_02_CDB";"Pointe de Mousterlin (champ de blocs)";"09:18";-999;;;"";
250111;"MOUSTERLIN_CDB_06/12/2014_09:45_AL_11048";250112;"Finistère Sud";"FINS_02_CDB";"Pointe de Mousterlin (champ de blocs)";"09:45";-999;;;"";
250135;"Herbier_des_Haas_09/12/2014_NC_NC_6891";250136;"Golfe Normand Breton";"GONB_01C_HRB";"Les Haas (herbier)";;2;;;"";
250239;"Perharidy_20/12/2014_10:50_Michael Tanghe_5081";250240;"Pays de Morlaix";"MORL_03_CDB";"Perharidy (champ de blocs)";"10:50";1;1;0;"";
250279;"MOUSTERLIN_CDB_24/12/2014_11:50_AL_11049";250280;"Finistère Sud";"FINS_02_CDB";"Pointe de Mousterlin (champ de blocs)";"11:50";-999;;;"";
250339;"Herbier_des_Haas_21/01/2015_NC_NC_6898";250340;"Golfe Normand Breton";"GONB_01C_HRB";"Les Haas (herbier)";;1;;;"";
250359;"MOUSTERLIN_CDB_21/01/2015_11:08_AL_11050";250360;"Finistère Sud";"FINS_02_CDB";"Pointe de Mousterlin (champ de blocs)";"11:08";4;;;"";
250379;"Champeaux_22/01/2015_14:48_NC_6900";250380;"Golfe Normand Breton";"GONB_04B_HRM";"Récifs d'hermelles de Champeaux (Plage St Michel à  la cabane Vauban de Champeaux)";"02:48";39;;;"";
250381;"Champeaux_22/01/2015_15:18_NC_6901";250382;"Golfe Normand Breton";"GONB_04B_HRM";"Récifs d'hermelles de Champeaux (Plage St Michel à  la cabane Vauban de Champeaux)";"03:18";44;;;"";
250383;"Champeaux_22/01/2015_15:48_NC_6902";250384;"Golfe Normand Breton";"GONB_04B_HRM";"Récifs d'hermelles de Champeaux (Plage St Michel à  la cabane Vauban de Champeaux)";"03:48";40;;;"";
250399;"Herbier_des_Haas_22/01/2015_NC_NC_6904";250400;"Golfe Normand Breton";"GONB_01C_HRB";"Les Haas (herbier)";;13;;;"";
250419;"MOUSTERLIN_CDB_22/01/2015_11:36_AL_11051";250420;"Finistère Sud";"FINS_02_CDB";"Pointe de Mousterlin (champ de blocs)";"11:36";2;;;"";
250443;"Beg Lann_CDB_23/01/2015_12:25_JP_10833";250444;"Golfe du Morbihan";"GDMO_04_CDB";"Beg Lann (champ de blocs)";"12:25";5;;;"";
250449;"Champ de blocs de Kéraliou_23/01/2015_12:14_C.Le Jeune_5571";250450;"Rade de Brest";"BRES_03_CDB";"Keraliou (champ de blocs)";"12:14";9;;;"";
250453;"Herbier de Kernisi_23/01/2015_12:14_C.Le Jeune_5572";250454;"Rade de Brest";"BRES_03_HRB";"Kernisi (herbier)";"12:14";2;;;"";
250545;"Champ de blocs de Kéraliou_08/02/2015_NA_C.Le Jeune_5575";250546;"Rade de Brest";"BRES_03_CDB";"Keraliou (champ de blocs)";;0;;;"";
250547;"Herbier de Kernisi_08/02/2015_NA_C.Le Jeune_5576";250548;"Rade de Brest";"BRES_03_HRB";"Kernisi (herbier)";;0;;;"";
250625;"Beg Lann_CDB_18/02/2015_09:25_JP_10834";250626;"Golfe du Morbihan";"GDMO_04_CDB";"Beg Lann (champ de blocs)";"09:25";12;;;"";
250627;"Champ de blocs de Kéraliou_18/02/2015_10:15_C.Le Jeune_5579";250628;"Rade de Brest";"BRES_03_CDB";"Keraliou (champ de blocs)";"10:15";1;;;"";
250631;"Herbier de Kernisi_18/02/2015_10:15_C.Le Jeune_5580";250632;"Rade de Brest";"BRES_03_HRB";"Kernisi (herbier)";"10:15";4;;;"";
250681;"MOUSTERLIN_CDB_19/02/2015_10:20_LM_11054";250682;"Finistère Sud";"FINS_02_CDB";"Pointe de Mousterlin (champ de blocs)";"10:20";0;;;"";
250705;"Champeaux_20/02/2015_14:36_NC_6913";250706;"Golfe Normand Breton";"GONB_04B_HRM";"Récifs d'hermelles de Champeaux (Plage St Michel à  la cabane Vauban de Champeaux)";"02:36";47;;;"";
250707;"Champeaux_20/02/2015_15:06_NC_6914";250708;"Golfe Normand Breton";"GONB_04B_HRM";"Récifs d'hermelles de Champeaux (Plage St Michel à  la cabane Vauban de Champeaux)";"03:06";57;;;"";
250709;"Champeaux_20/02/2015_15:36_NC_6915";250710;"Golfe Normand Breton";"GONB_04B_HRM";"Récifs d'hermelles de Champeaux (Plage St Michel à  la cabane Vauban de Champeaux)";"03:36";55;;;"";
250729;"Herbier_des_Haas_20/02/2015_NC_NC_6920";250730;"Golfe Normand Breton";"GONB_01C_HRB";"Les Haas (herbier)";;19;;;"";
250769;"MOUSTERLIN_CDB_20/02/2015_11:04_GG - LM_11055";250770;"Finistère Sud";"FINS_02_CDB";"Pointe de Mousterlin (champ de blocs)";"11:04";0;;;"";
250783;"Sainte-Anne_20/02/2015_NC_NC_6919";250784;"Golfe Normand Breton";"GONB_03E_HRM";"Récifs d'hermelles de Sainte-Anne";;117;;;"";
250945;"MOUSTERLIN_CDB_26/02/2015_16:24_PP_11056";250946;"Finistère Sud";"FINS_02_CDB";"Pointe de Mousterlin (champ de blocs)";"04:24";-999;;;"";
250963;"Herbier_des_Haas_03/03/2015_NC_NC_6925";250964;"Golfe Normand Breton";"GONB_01C_HRB";"Les Haas (herbier)";;0;;;"";
250973;"Herbier_des_Haas_05/03/2015_NC_NC_6926";250974;"Golfe Normand Breton";"GONB_01C_HRB";"Les Haas (herbier)";;2;;;"";
250981;"Champ de blocs de Kéraliou_06/03/2015_11:15_A.Postollec_5613";250982;"Rade de Brest";"BRES_03_CDB";"Keraliou (champ de blocs)";"11:15";4;;;"";
250987;"Herbier de Kernisi_06/03/2015_11:15_A.Postollec_5614";250988;"Rade de Brest";"BRES_03_HRB";"Kernisi (herbier)";"11:15";2;;;"";
250999;"MOUSTERLIN_CDB_06/03/2015_10:45_HY_11057";251000;"Finistère Sud";"FINS_02_CDB";"Pointe de Mousterlin (champ de blocs)";"10:45";-999;;;"";
251025;"MOUSTERLIN_CDB_10/03/2015_12:35_HY_11058";251026;"Finistère Sud";"FINS_02_CDB";"Pointe de Mousterlin (champ de blocs)";"12:35";-999;;;"";
251035;"Perharidy_11/03/2015_15:10_Michael Tanghe_5115";251036;"Pays de Morlaix";"MORL_03_CDB";"Perharidy (champ de blocs)";"03:10";1;;;"Promeneurs, joggeurs";
251063;"MOUSTERLIN_CDB_18/03/2015_08:40_HY_11059";251064;"Finistère Sud";"FINS_02_CDB";"Pointe de Mousterlin (champ de blocs)";"08:40";-999;;;"";
251091;"MOUSTERLIN_CDB_19/03/2015_10:05_HY_11060";251092;"Finistère Sud";"FINS_02_CDB";"Pointe de Mousterlin (champ de blocs)";"10:05";2;;;"";
251285;"Beg Lann_CDB_20/03/2015_10:15_JP_10835";251286;"Golfe du Morbihan";"GDMO_04_CDB";"Beg Lann (champ de blocs)";"10:15";2;;;"";
251377;"Herbier_des_Haas_20/03/2015_NC_NC_6936";251378;"Golfe Normand Breton";"GONB_01C_HRB";"Les Haas (herbier)";;90;;;"";
251527;"MOUSTERLIN_CDB_20/03/2015_10:33_HY_11061";251528;"Finistère Sud";"FINS_02_CDB";"Pointe de Mousterlin (champ de blocs)";"10:33";45;;;"";
251541;"Perharidy_20/03/2015_12:00_Michael Tanghe_5109";251542;"Pays de Morlaix";"MORL_03_CDB";"Perharidy (champ de blocs)";"12:00";38;36;2;"";
251663;"Sainte-Anne_20/03/2015_NC_NC_6934";251664;"Golfe Normand Breton";"GONB_03E_HRM";"Récifs d'hermelles de Sainte-Anne";;135;;;"";
251751;"MOUSTERLIN_CDB_21/03/2015_10:50_HY_11063";251752;"Finistère Sud";"FINS_02_CDB";"Pointe de Mousterlin (champ de blocs)";"10:50";83;;;"";
251773;"SAINT-NICOLAS / BANNANEC_HRBHAB_21/03/2015_11:27_MD - BF - SLC - MT - JP_11113";251774;"Finistère Sud";"FINS_12_HRB";"Saint-Nicolas des Glénan (herbier)";"11:27";8;;;"";
251831;"MOUSTERLIN_CDB_03/04/2015_11:00_HY_11064";251832;"Finistère Sud";"FINS_02_CDB";"Pointe de Mousterlin (champ de blocs)";"11:00";-999;;;"";
251883;"Champ de blocs de Kéraliou_11/04/2015_16:15_NA_5648";251884;"Rade de Brest";"BRES_03_CDB";"Keraliou (champ de blocs)";"04:15";1;;;"";
251885;"Herbier de Kernisi_11/04/2015_16:15_NA_5649";251886;"Rade de Brest";"BRES_03_HRB";"Kernisi (herbier)";"04:15";0;;;"";
251907;"Herbier_des_Haas_16/04/2015_NC_NC_6942";251908;"Golfe Normand Breton";"GONB_01C_HRB";"Les Haas (herbier)";;16;;;"";
251913;"Beg Lann_CDB_17/04/2015_10:00_JP_10836";251914;"Golfe du Morbihan";"GDMO_04_CDB";"Beg Lann (champ de blocs)";"10:00";0;;;"";
251937;"MOUSTERLIN_CDB_17/04/2015_10:25_PP_11065";251938;"Finistère Sud";"FINS_02_CDB";"Pointe de Mousterlin (champ de blocs)";"10:25";4;;;"";
251941;"Perharidy_17/04/2015_11:50_Michael Tanghe_5124";251942;"Pays de Morlaix";"MORL_03_CDB";"Perharidy (champ de blocs)";"11:50";6;;;"Promeneurs, joggeurs";
251967;"Erquy_CDB_18/04/2015_NC_NC_6947";251968;"Golfe Normand Breton";"GONB_00C1_CDB";"Champs de blocs de l'îlot Saint-Michel (périmètre étendu)";;32;;;"";
251981;"MOUSTERLIN_CDB_18/04/2015_10:46_PP_11066";251982;"Finistère Sud";"FINS_02_CDB";"Pointe de Mousterlin (champ de blocs)";"10:46";-999;;;"";
252287;"MOUSTERLIN_CDB_20/04/2015_12:10_HY_11067";252288;"Finistère Sud";"FINS_02_CDB";"Pointe de Mousterlin (champ de blocs)";"12:10";0;;;"";
252297;"Champ de blocs de Kéraliou_21/04/2015_13:00_L.Gourrier_5675";252298;"Rade de Brest";"BRES_03_CDB";"Keraliou (champ de blocs)";"01:00";0;;;"";
252307;"Herbier de Kernisi_21/04/2015_13:00_L.Gourrier_5676";252308;"Rade de Brest";"BRES_03_HRB";"Kernisi (herbier)";"01:00";1;;;"";
252327;"Perharidy_21/04/2015_14:25_Michael Tanghe_5131";252328;"Pays de Morlaix";"MORL_03_CDB";"Perharidy (champ de blocs)";"02:25";4;;;"Promeneurs, joggeurs";
252379;"MOUSTERLIN_CDB_22/04/2015_14:10_PP_11068";252380;"Finistère Sud";"FINS_02_CDB";"Pointe de Mousterlin (champ de blocs)";"02:10";-999;;;"";
252445;"Herbier_des_Haas_30/04/2015_NC_NC_6955";252446;"Golfe Normand Breton";"GONB_01C_HRB";"Les Haas (herbier)";;0;;;"";
252449;"Champ de blocs de Kéraliou_01/05/2015_10:10_F.Oppermann_5679";252450;"Rade de Brest";"BRES_03_CDB";"Keraliou (champ de blocs)";"10:10";1;;;"";
252451;"Herbier de Kernisi_01/05/2015_10:10_F.Oppermann_5680";252452;"Rade de Brest";"BRES_03_HRB";"Kernisi (herbier)";"10:10";0;;;"";
252483;"MOUSTERLIN_CDB_03/05/2015_11:20_HY_11069";252484;"Finistère Sud";"FINS_02_CDB";"Pointe de Mousterlin (champ de blocs)";"11:20";-999;;;"";
252487;"Perharidy_03/05/2015_12:20_Michael Tanghe_5137";252488;"Pays de Morlaix";"MORL_03_CDB";"Perharidy (champ de blocs)";"12:20";5;4;1;"Promeneurs, joggeurs";
252489;"Perharidy_03/05/2015_12:35_Michael Tanghe_5138";252490;"Pays de Morlaix";"MORL_03_CDB";"Perharidy (champ de blocs)";"12:35";5;2;3;"Promeneurs, joggeurs";
252491;"Perharidy_03/05/2015_12:45_Michael Tanghe_5139";252492;"Pays de Morlaix";"MORL_03_CDB";"Perharidy (champ de blocs)";"12:45";19;14;5;"Promeneurs, joggeurs";
252505;"Herbier_des_Haas_04/05/2015_NC_NC_6957";252506;"Golfe Normand Breton";"GONB_01C_HRB";"Les Haas (herbier)";;15;;;"";
252531;"Champ de blocs de Kéraliou_05/05/2015_11:52_L.Gourrier_5683";252532;"Rade de Brest";"BRES_03_CDB";"Keraliou (champ de blocs)";"11:52";1;;;"";
252533;"Champeaux_05/05/2015_15:00_NC_6958";252534;"Golfe Normand Breton";"GONB_04B_HRM";"Récifs d'hermelles de Champeaux (Plage St Michel à  la cabane Vauban de Champeaux)";"03:00";54;;;"";
252535;"Champeaux_05/05/2015_15:30_NC_6959";252536;"Golfe Normand Breton";"GONB_04B_HRM";"Récifs d'hermelles de Champeaux (Plage St Michel à  la cabane Vauban de Champeaux)";"03:30";54;;;"";
252537;"Champeaux_05/05/2015_16:00_NC_6960";252538;"Golfe Normand Breton";"GONB_04B_HRM";"Récifs d'hermelles de Champeaux (Plage St Michel à  la cabane Vauban de Champeaux)";"04:00";35;;;"";
252541;"Herbier de Kernisi_05/05/2015_11:52_L.Gourrier_5684";252542;"Rade de Brest";"BRES_03_HRB";"Kernisi (herbier)";"11:52";0;;;"";
252635;"MOUSTERLIN_CDB_07/05/2015_13:15_HY_11070";252636;"Finistère Sud";"FINS_02_CDB";"Pointe de Mousterlin (champ de blocs)";"01:15";-999;;;"";
252647;"Champ de blocs de Kéraliou_10/05/2015_16:25_NA_5687";252648;"Rade de Brest";"BRES_03_CDB";"Keraliou (champ de blocs)";"04:25";0;;;"";
252649;"Herbier de Kernisi_10/05/2015_16:25_NA_5688";252650;"Rade de Brest";"BRES_03_HRB";"Kernisi (herbier)";"04:25";0;;;"";
252797;"Perharidy_17/05/2015_12:40_Orélie Rosec_5144";252798;"Pays de Morlaix";"MORL_03_CDB";"Perharidy (champ de blocs)";"12:40";18;;;"";
252835;"Beg Lann_CDB_18/05/2015_11:30_JP_10837";252836;"Golfe du Morbihan";"GDMO_04_CDB";"Beg Lann (champ de blocs)";"11:30";1;;;"";
252943;"MOUSTERLIN_CDB_18/05/2015_11:30_HY_11071";252944;"Finistère Sud";"FINS_02_CDB";"Pointe de Mousterlin (champ de blocs)";"11:30";4;;;"";
253023;"Champ de blocs de Kéraliou_19/05/2015_12:55_F.Oppermann_5691";253024;"Rade de Brest";"BRES_03_CDB";"Keraliou (champ de blocs)";"12:55";3;;;"";
253033;"Herbier de Kernisi_19/05/2015_12:55_F.Oppermann_5692";253034;"Rade de Brest";"BRES_03_HRB";"Kernisi (herbier)";"12:55";1;;;"";
253063;"Perharidy_19/05/2015_14:51_Andrea Lauro_5158";253064;"Pays de Morlaix";"MORL_03_CDB";"Perharidy (champ de blocs)";"02:51";0;;;"Promeneurs, joggeurs";
253141;"Beg Lann_CDB_22/05/2015_14:15_JP_10838";253142;"Golfe du Morbihan";"GDMO_04_CDB";"Beg Lann (champ de blocs)";"02:15";0;;;"";
253179;"Beg Lann_CDB_01/06/2015_10:35_JP_10839";253180;"Golfe du Morbihan";"GDMO_04_CDB";"Beg Lann (champ de blocs)";"10:35";2;;;"";
253183;"Champ de blocs de Kéraliou_01/06/2015_11:15_A.Postollec_5695";253184;"Rade de Brest";"BRES_03_CDB";"Keraliou (champ de blocs)";"11:15";1;;;"";
253185;"Herbier de Kernisi_01/06/2015_11:15_A.Postollec_5696";253186;"Rade de Brest";"BRES_03_HRB";"Kernisi (herbier)";"11:15";0;;;"";
253217;"Beg Lann_CDB_03/06/2015_11:50_JP_10840";253218;"Golfe du Morbihan";"GDMO_04_CDB";"Beg Lann (champ de blocs)";"11:50";2;;;"";
253279;"Beg Lann_CDB_05/06/2015_13:15_JP_10841";253280;"Golfe du Morbihan";"GDMO_04_CDB";"Beg Lann (champ de blocs)";"01:15";4;;;"";
253345;"Perharidy_14/06/2015_11:10_Michael Tanghe_5164";253346;"Pays de Morlaix";"MORL_03_CDB";"Perharidy (champ de blocs)";"11:10";5;3;2;"Promeneurs, joggeurs";
253453;"Perharidy_19/06/2015_13:56_Andrea Lauro_5168";253454;"Pays de Morlaix";"MORL_03_CDB";"Perharidy (champ de blocs)";"01:56";6;;;"Promeneurs, joggeurs";
253469;"Perharidy_20/06/2015_14:45_Michael Tanghe_5171";253470;"Pays de Morlaix";"MORL_03_CDB";"Perharidy (champ de blocs)";"02:45";0;;;"";
253553;"MOUSTERLIN_CDB_02/07/2015_11:10_PP_11073";253554;"Finistère Sud";"FINS_02_CDB";"Pointe de Mousterlin (champ de blocs)";"11:10";-999;;;"";
253631;"SAINT-NICOLAS / BANNANEC_CDB_03/07/2015_12:05_MD - BF - BC - EC - SF - AC - AD_11074";253632;"Finistère Sud";"FINS_12_CDB";"Saint-Nicolas des Glénan (champ de blocs)";"12:05";3;;;"";
253633;"SAINT-NICOLAS / BANNANEC_HRBHAB_03/07/2015_12:05_MD - BF - BC - EC - SF - AC - AD_11114";253634;"Finistère Sud";"FINS_12_HRB";"Saint-Nicolas des Glénan (herbier)";"12:05";0;;;"";
253665;"Champ de blocs de Kéraliou_04/07/2015_13:20_NA_5701";253666;"Rade de Brest";"BRES_03_CDB";"Keraliou (champ de blocs)";"01:20";1;;;"";
253697;"Herbier de Kernisi_04/07/2015_13:20_NA_5702";253698;"Rade de Brest";"BRES_03_HRB";"Kernisi (herbier)";"01:20";3;;;"";
253795;"MOUSTERLIN_CDB_04/07/2015_12:00_PP_11075";253796;"Finistère Sud";"FINS_02_CDB";"Pointe de Mousterlin (champ de blocs)";"12:00";-999;;;"";
253799;"Perharidy_04/07/2015_14:50_Orélie Rosec_5186";253800;"Pays de Morlaix";"MORL_03_CDB";"Perharidy (champ de blocs)";"02:50";10;;;"";
253889;"Beg Lann_CDB_05/07/2015_13:30_JP_10842";253890;"Golfe du Morbihan";"GDMO_04_CDB";"Beg Lann (champ de blocs)";"01:30";8;;;"";
253941;"Perharidy_06/07/2015_15:51_Andrea Lauro_5192";253942;"Pays de Morlaix";"MORL_03_CDB";"Perharidy (champ de blocs)";"03:51";6;4;2;"Promeneurs, joggeurs";
253953;"Beg Lann_CDB_07/07/2015_15:40_MF_10843";253954;"Golfe du Morbihan";"GDMO_04_CDB";"Beg Lann (champ de blocs)";"03:40";1;;;"";
253969;"Beg Lann_CDB_08/07/2015_16:15_MF_10844";253970;"Golfe du Morbihan";"GDMO_04_CDB";"Beg Lann (champ de blocs)";"04:15";9;;;"";
253991;"Beg Lann_CDB_09/07/2015_17:15_MF_10845";253992;"Golfe du Morbihan";"GDMO_04_CDB";"Beg Lann (champ de blocs)";"05:15";11;;;"";
254003;"Beg Lann_CDB_10/07/2015_18:00_MF_10846";254004;"Golfe du Morbihan";"GDMO_04_CDB";"Beg Lann (champ de blocs)";"06:00";14;;;"";
254011;"Perharidy_12/07/2015_09:35_Michael Tanghe_5197";254012;"Pays de Morlaix";"MORL_03_CDB";"Perharidy (champ de blocs)";"09:35";5;;;"";
254103;"Beg Lann_CDB_17/07/2015_12:15_MF_10847";254104;"Golfe du Morbihan";"GDMO_04_CDB";"Beg Lann (champ de blocs)";"12:15";14;;;"";
254111;"Champeaux_17/07/2015_15:40_NC_6962";254112;"Golfe Normand Breton";"GONB_04B_HRM";"Récifs d'hermelles de Champeaux (Plage St Michel à  la cabane Vauban de Champeaux)";"03:40";68;;;"";
254117;"Erquy_CDB_17/07/2015_15:35_SMDC_6963";254118;"Golfe Normand Breton";"GONB_00C1_CDB";"Champs de blocs de l'îlot Saint-Michel (périmètre étendu)";"03:35";9;;;"";
254185;"Beg Lann_CDB_20/07/2015_14:20_MF_10848";254186;"Golfe du Morbihan";"GDMO_04_CDB";"Beg Lann (champ de blocs)";"02:20";8;;;"";
254203;"Perharidy_20/07/2015_15:25_Michael Tanghe_5204";254204;"Pays de Morlaix";"MORL_03_CDB";"Perharidy (champ de blocs)";"03:25";3;2;1;"Promeneurs, joggeurs";
254215;"Beg Lann_CDB_21/07/2015_14:15_MF_10849";254216;"Golfe du Morbihan";"GDMO_04_CDB";"Beg Lann (champ de blocs)";"02:15";12;;;"";
254261;"MOUSTERLIN_CDB_23/07/2015_15:50_PP_11076";254262;"Finistère Sud";"FINS_02_CDB";"Pointe de Mousterlin (champ de blocs)";"03:50";-999;;;"";
254323;"Beg Lann_CDB_29/07/2015_09:35_JP_10850";254324;"Golfe du Morbihan";"GDMO_04_CDB";"Beg Lann (champ de blocs)";"09:35";21;;;"";
254337;"Beg Lann_CDB_30/07/2015_10:25_JP_10851";254338;"Golfe du Morbihan";"GDMO_04_CDB";"Beg Lann (champ de blocs)";"10:25";3;;;"";
254349;"Perharidy_30/07/2015_12:15_Michael Tanghe_5214";254350;"Pays de Morlaix";"MORL_03_CDB";"Perharidy (champ de blocs)";"12:15";16;12;4;"Promeneurs, joggeurs";
254363;"Beg Lann_CDB_31/07/2015_11:30_MF_10852";254364;"Golfe du Morbihan";"GDMO_04_CDB";"Beg Lann (champ de blocs)";"11:30";28;;;"";
254397;"La Falaise_CDB_31/07/2015_11:15_JP_10922";254398;"Golfe du Morbihan";"GDMO_01_CDB";"Locmariaquer (champ de blocs)";"11:15";12;;;"";
254413;"MOUSTERLIN_CDB_31/07/2015_11:10_GG_11077";254414;"Finistère Sud";"FINS_02_CDB";"Pointe de Mousterlin (champ de blocs)";"11:10";4;;;"";
254437;"SAINT-NICOLAS / BANNANEC_CDB_31/07/2015_11:32_BF - UCC - LD - VG - KD - AD - LG_11078";254438;"Finistère Sud";"FINS_12_CDB";"Saint-Nicolas des Glénan (champ de blocs)";"11:32";0;;;"";
254439;"SAINT-NICOLAS / BANNANEC_HRBHAB_31/07/2015_11:32_BF - UCC - LD - VG - KD - AD - LG_11115";254440;"Finistère Sud";"FINS_12_HRB";"Saint-Nicolas des Glénan (herbier)";"11:32";0;;;"";
254451;"Beg Lann_CDB_01/08/2015_12:00_MF_10853";254452;"Golfe du Morbihan";"GDMO_04_CDB";"Beg Lann (champ de blocs)";"12:00";50;;;"";
254495;"La Falaise_CDB_01/08/2015_11:50_JP_10923";254496;"Golfe du Morbihan";"GDMO_01_CDB";"Locmariaquer (champ de blocs)";"11:50";25;;;"";
254529;"SAINT-NICOLAS / BANNANEC_CDB_01/08/2015_11:42_BF - BC - LP - GC - SLC - SF - UCC_11079";254530;"Finistère Sud";"FINS_12_CDB";"Saint-Nicolas des Glénan (champ de blocs)";"11:42";0;;;"";
254531;"SAINT-NICOLAS / BANNANEC_HRBHAB_01/08/2015_11:42_BF - BC - LP - GC - SLC - SF - UCC_11116";254532;"Finistère Sud";"FINS_12_HRB";"Saint-Nicolas des Glénan (herbier)";"11:42";0;;;"";
254687;"Herbier_des_Haas_02/08/2015_15:20_AAMP_6972";254688;"Golfe Normand Breton";"GONB_01C_HRB";"Les Haas (herbier)";"03:20";30;;;"";
254785;"Perharidy_02/08/2015_13:45_Michael Tanghe_5220";254786;"Pays de Morlaix";"MORL_03_CDB";"Perharidy (champ de blocs)";"01:45";34;;;"Promeneurs, joggeurs";
254889;"Beg Lann_CDB_03/08/2015_13:30_JP_10854";254890;"Golfe du Morbihan";"GDMO_04_CDB";"Beg Lann (champ de blocs)";"01:30";23;;;"";
254923;"MOUSTERLIN_CDB_03/08/2015_13:00_GG_11080";254924;"Finistère Sud";"FINS_02_CDB";"Pointe de Mousterlin (champ de blocs)";"01:00";4;;;"";
254929;"Perharidy_03/08/2015_14:31_Andrea Lauro_5221";254930;"Pays de Morlaix";"MORL_03_CDB";"Perharidy (champ de blocs)";"02:31";26;24;2;"";"Présence d_explosifs (évacuation de la plage)"
255025;"Champ de blocs de Kéraliou_06/08/2015_16:25_F.Oppermann_5705";255026;"Rade de Brest";"BRES_03_CDB";"Keraliou (champ de blocs)";"04:25";0;;;"";
255061;"Perharidy_10/08/2015_09:00_Michael Tanghe_5227";255062;"Pays de Morlaix";"MORL_03_CDB";"Perharidy (champ de blocs)";"09:00";2;;;"Promeneurs, joggeurs";
255067;"Champ de blocs de Kéraliou_11/08/2015_NA_C.Le Jeune_5708";255068;"Rade de Brest";"BRES_03_CDB";"Keraliou (champ de blocs)";;0;;;"";
255069;"Herbier de Kernisi_11/08/2015_NA_C.Le Jeune_5709";255070;"Rade de Brest";"BRES_03_HRB";"Kernisi (herbier)";;0;;;"";
255089;"Beg Lann_CDB_12/08/2015_11:50_MF_10855";255090;"Golfe du Morbihan";"GDMO_04_CDB";"Beg Lann (champ de blocs)";"11:50";4;;;"";
255157;"Perharidy_14/08/2015_13:10_Michael Tanghe_5234";255158;"Pays de Morlaix";"MORL_03_CDB";"Perharidy (champ de blocs)";"01:10";8;;;"Promeneurs, joggeurs";
255183;"Champ de blocs de Kéraliou_16/08/2015_13:00_A.Postollec_5712";255184;"Rade de Brest";"BRES_03_CDB";"Keraliou (champ de blocs)";"01:00";0;;;"";
255193;"Herbier de Kernisi_16/08/2015_13:00_A.Postollec_5713";255194;"Rade de Brest";"BRES_03_HRB";"Kernisi (herbier)";"01:00";0;;;"";
255201;"Perharidy_16/08/2015_13:15_Michael Tanghe_5236";255202;"Pays de Morlaix";"MORL_03_CDB";"Perharidy (champ de blocs)";"01:15";12;;;"Promeneurs, joggeurs";
255211;"Beg Lann_CDB_17/08/2015_13:15_MF_10856";255212;"Golfe du Morbihan";"GDMO_04_CDB";"Beg Lann (champ de blocs)";"01:15";7;;;"";
255251;"Beg Lann_CDB_19/08/2015_14:10_MF_10857";255252;"Golfe du Morbihan";"GDMO_04_CDB";"Beg Lann (champ de blocs)";"02:10";5;;;"";
255271;"Beg Lann_CDB_20/08/2015_15:00_MF_10858";255272;"Golfe du Morbihan";"GDMO_04_CDB";"Beg Lann (champ de blocs)";"03:00";8;;;"";
255279;"Perharidy_20/08/2015_15:45_Michael Tanghe_5240";255280;"Pays de Morlaix";"MORL_03_CDB";"Perharidy (champ de blocs)";"03:45";14;12;2;"Promeneurs, joggeurs";
255297;"Champ de blocs de Kéraliou_21/08/2015_15:40_A.Postollec_5716";255298;"Rade de Brest";"BRES_03_CDB";"Keraliou (champ de blocs)";"03:40";0;;;"";
255301;"Herbier de Kernisi_21/08/2015_15:40_A.Postollec_5717";255302;"Rade de Brest";"BRES_03_HRB";"Kernisi (herbier)";"03:40";0;;;"";
255357;"Beg Lann_CDB_27/08/2015_09:00_MF_10859";255358;"Golfe du Morbihan";"GDMO_04_CDB";"Beg Lann (champ de blocs)";"09:00";0;;;"";
255381;"Perharidy_27/08/2015_10:40_Michael Tanghe_5246";255382;"Pays de Morlaix";"MORL_03_CDB";"Perharidy (champ de blocs)";"10:40";6;;;"";
255557;"Beg Lann_CDB_30/08/2015_11:30_JP_10860";255558;"Golfe du Morbihan";"GDMO_04_CDB";"Beg Lann (champ de blocs)";"11:30";18;;;"";
255645;"Herbier_des_Haas_30/08/2015_14:11_Saint_Jacut_Environnement_6981";255646;"Golfe Normand Breton";"GONB_01C_HRB";"Les Haas (herbier)";"02:11";100;;;"";
255781;"MOUSTERLIN_CDB_30/08/2015_11:10_HY_11081";255782;"Finistère Sud";"FINS_02_CDB";"Pointe de Mousterlin (champ de blocs)";"11:10";6;;;"";
255791;"Perharidy_30/08/2015_13:33_Orélie Rosec_5264";255792;"Pays de Morlaix";"MORL_03_CDB";"Perharidy (champ de blocs)";"01:33";24;22;2;"Promeneurs, joggeurs";
255905;"Sainte-Anne_30/08/2015_14:16_NC_6980";255906;"Golfe Normand Breton";"GONB_03E_HRM";"Récifs d'hermelles de Sainte-Anne";"02:16";28;;;"";
255915;"SAINT-NICOLAS / BANNANEC_CDB_30/08/2015_11:35_MD - BC - AC_11082";255916;"Finistère Sud";"FINS_12_CDB";"Saint-Nicolas des Glénan (champ de blocs)";"11:35";3;;;"";
255917;"SAINT-NICOLAS / BANNANEC_HRBHAB_30/08/2015_11:35_MD - BC - AC_11117";255918;"Finistère Sud";"FINS_12_HRB";"Saint-Nicolas des Glénan (herbier)";"11:35";7;;;"";
255957;"Beg Lann_CDB_31/08/2015_12:20_MF_10861";255958;"Golfe du Morbihan";"GDMO_04_CDB";"Beg Lann (champ de blocs)";"12:20";41;;;"";
255969;"Herbier_des_Haas_31/08/2015_NC_AAMP_6984";255970;"Golfe Normand Breton";"GONB_01C_HRB";"Les Haas (herbier)";;27;;;"";
255979;"La Falaise_CDB_31/08/2015_12:00_JP_10924";255980;"Golfe du Morbihan";"GDMO_01_CDB";"Locmariaquer (champ de blocs)";"12:00";12;;;"";
255989;"Perharidy_31/08/2015_14:10_Michael Tanghe_5268";255990;"Pays de Morlaix";"MORL_03_CDB";"Perharidy (champ de blocs)";"02:10";11;10;1;"";
256017;"Boed_HRB_01/09/2015_15:00_MF_10685";256018;"Golfe du Morbihan";"GDMO_03_HRB";"Boëd (herbier)";"03:00";12;;;"";
256033;"Herbier de Kernisi_01/09/2015_13:40_M.Bernard_5750";256034;"Rade de Brest";"BRES_03_HRB";"Kernisi (herbier)";"01:40";12;;;"";
256051;"La Falaise_CDB_01/09/2015_13:00_JP_10925";256052;"Golfe du Morbihan";"GDMO_01_CDB";"Locmariaquer (champ de blocs)";"01:00";10;;;"";
256063;"MOUSTERLIN_CDB_01/09/2015_13:10_HY_11083";256064;"Finistère Sud";"FINS_02_CDB";"Pointe de Mousterlin (champ de blocs)";"01:10";4;;;"";
256083;"Boed_HRB_02/09/2015_16:00_MF_10686";256084;"Golfe du Morbihan";"GDMO_03_HRB";"Boëd (herbier)";"04:00";15;;;"";
256113;"La Falaise_CDB_02/09/2015_13:50_JP_10926";256114;"Golfe du Morbihan";"GDMO_01_CDB";"Locmariaquer (champ de blocs)";"01:50";10;;;"";
256119;"Perharidy_02/09/2015_15:00_Michael Tanghe_5273";256120;"Pays de Morlaix";"MORL_03_CDB";"Perharidy (champ de blocs)";"03:00";12;;;"Promeneurs, joggeurs";
256147;"Beg Lann_CDB_03/09/2015_14:50_MF_10862";256148;"Golfe du Morbihan";"GDMO_04_CDB";"Beg Lann (champ de blocs)";"02:50";10;;;"";
256151;"Boed_HRB_03/09/2015_17:10_MF_10687";256152;"Golfe du Morbihan";"GDMO_03_HRB";"Boëd (herbier)";"05:10";2;;;"";
256175;"Beg Lann_CDB_04/09/2015_15:30_MF_10863";256176;"Golfe du Morbihan";"GDMO_04_CDB";"Beg Lann (champ de blocs)";"03:30";0;;;"";
256283;"Beg Lann_CDB_11/09/2015_10:15_MF_10864";256284;"Golfe du Morbihan";"GDMO_04_CDB";"Beg Lann (champ de blocs)";"10:15";4;;;"";
256289;"Boed_HRB_11/09/2015_12:20_MF_10688";256290;"Golfe du Morbihan";"GDMO_03_HRB";"Boëd (herbier)";"12:20";2;;;"";
256303;"Beg Lann_CDB_12/09/2015_11:05_MF_10865";256304;"Golfe du Morbihan";"GDMO_04_CDB";"Beg Lann (champ de blocs)";"11:05";8;;;"";
256305;"Champ de blocs de Kéraliou_12/09/2015_11:20_A.Postollec_5752";256306;"Rade de Brest";"BRES_03_CDB";"Keraliou (champ de blocs)";"11:20";1;;;"";
256309;"Herbier de Kernisi_12/09/2015_11:20_A.Postollec_5753";256310;"Rade de Brest";"BRES_03_HRB";"Kernisi (herbier)";"11:20";0;;;"";
256331;"La Falaise_CDB_12/09/2015_10:50_JP_10927";256332;"Golfe du Morbihan";"GDMO_01_CDB";"Locmariaquer (champ de blocs)";"10:50";1;;;"";
256367;"Beg Lann_CDB_13/09/2015_11:25_JP_10866";256368;"Golfe du Morbihan";"GDMO_04_CDB";"Beg Lann (champ de blocs)";"11:25";10;;;"";
256437;"MOUSTERLIN_CDB_14/09/2015_11:34_PP_11084";256438;"Finistère Sud";"FINS_02_CDB";"Pointe de Mousterlin (champ de blocs)";"11:34";-999;;;"";
256443;"Beg Lann_CDB_15/09/2015_12:35_MF_10867";256444;"Golfe du Morbihan";"GDMO_04_CDB";"Beg Lann (champ de blocs)";"12:35";8;;;"";
256447;"Boed_HRB_15/09/2015_14:30_MF_10689";256448;"Golfe du Morbihan";"GDMO_03_HRB";"Boëd (herbier)";"02:30";3;;;"";
256451;"Herbier_des_Haas_15/09/2015_16:00_AAMP_6986";256452;"Golfe Normand Breton";"GONB_01C_HRB";"Les Haas (herbier)";"04:00";14;;;"";
256489;"Perharidy_17/09/2015_14:52_Andrea Lauro_5281";256490;"Pays de Morlaix";"MORL_03_CDB";"Perharidy (champ de blocs)";"02:52";4;;;"Promeneurs, joggeurs";
256639;"Beg Lann_CDB_28/09/2015_10:00_JP_10868";256640;"Golfe du Morbihan";"GDMO_04_CDB";"Beg Lann (champ de blocs)";"10:00";16;;;"";
256643;"Boed_HRB_28/09/2015_12:10_JP_10690";256644;"Golfe du Morbihan";"GDMO_03_HRB";"Boëd (herbier)";"12:10";11;;;"";
256653;"La Falaise_CDB_28/09/2015_10:00_JP_11031";256654;"Golfe du Morbihan";"GDMO_01_CDB";"Locmariaquer (champ de blocs)";"10:00";7;;;"";
256819;"Champeaux_29/09/2015_16:09_AAMP_6988";256820;"Golfe Normand Breton";"GONB_04B_HRM";"Récifs d'hermelles de Champeaux (Plage St Michel à  la cabane Vauban de Champeaux)";"04:09";125;;;"";
256917;"La Falaise_CDB_29/09/2015_11:00_JP_10928";256918;"Golfe du Morbihan";"GDMO_01_CDB";"Locmariaquer (champ de blocs)";"11:00";6;;;"";
256995;"MOUSTERLIN_CDB_29/09/2015_11:45_GG_11085";256996;"Finistère Sud";"FINS_02_CDB";"Pointe de Mousterlin (champ de blocs)";"11:45";12;;;"";
257003;"Perharidy_29/09/2015_12:30_Michael Tanghe_5306";257004;"Pays de Morlaix";"MORL_03_CDB";"Perharidy (champ de blocs)";"12:30";32;;;"";
257173;"Perharidy_30/09/2015_14:00_Michael Tanghe_5309";257174;"Pays de Morlaix";"MORL_03_CDB";"Perharidy (champ de blocs)";"02:00";28;27;1;"Promeneurs, joggeurs";
257211;"Herbier_des_Haas_01/10/2015_15:20_AAMP_6992";257212;"Golfe Normand Breton";"GONB_01C_HRB";"Les Haas (herbier)";"03:20";41;;;"";
257237;"MOUSTERLIN_CDB_01/10/2015_13:15_HY_11086";257238;"Finistère Sud";"FINS_02_CDB";"Pointe de Mousterlin (champ de blocs)";"01:15";3;;;"";
257327;"Champ de blocs de Kéraliou_11/10/2015_NA_F.Oppermann_5789";257328;"Rade de Brest";"BRES_03_CDB";"Keraliou (champ de blocs)";;1;;;"";
257329;"Herbier de Kernisi_11/10/2015_NA_F.Oppermann_5787";257330;"Rade de Brest";"BRES_03_HRB";"Kernisi (herbier)";;0;;;"";
257433;"Herbier_des_Haas_26/10/2015_11:08_AAMP_6996";257434;"Golfe Normand Breton";"GONB_01C_HRB";"Les Haas (herbier)";"11:08";17;;;"";
257441;"Beg Lann_CDB_27/10/2015_09:48_JP_10869";257442;"Golfe du Morbihan";"GDMO_04_CDB";"Beg Lann (champ de blocs)";"09:48";2;;;"";
257445;"Boed_HRB_27/10/2015_11:45_JP_10691";257446;"Golfe du Morbihan";"GDMO_03_HRB";"Boëd (herbier)";"11:45";7;;;"";
257449;"Erquy_CDB_27/10/2015_12:47_AAMP_6997";257450;"Golfe Normand Breton";"GONB_00C1_CDB";"Champs de blocs de l'îlot Saint-Michel (périmètre étendu)";"12:47";7;;;"";
257461;"La Falaise_CDB_27/10/2015_10:00_JP_11032";257462;"Golfe du Morbihan";"GDMO_01_CDB";"Locmariaquer (champ de blocs)";"10:00";5;;;"";
257471;"MOUSTERLIN_CDB_27/10/2015_09:45_HY_11087";257472;"Finistère Sud";"FINS_02_CDB";"Pointe de Mousterlin (champ de blocs)";"09:45";2;;;"";
257591;"Beg Lann_CDB_28/10/2015_10:35_JP_10870";257592;"Golfe du Morbihan";"GDMO_04_CDB";"Beg Lann (champ de blocs)";"10:35";6;;;"";
257641;"Beg Lann_CDB_29/10/2015_11:25_JP_10871";257642;"Golfe du Morbihan";"GDMO_04_CDB";"Beg Lann (champ de blocs)";"11:25";3;;;"";
257683;"Champ de blocs de Kéraliou_30/10/2015_12:45_F.Oppermann_5793";257684;"Rade de Brest";"BRES_03_CDB";"Keraliou (champ de blocs)";"12:45";0;;;"";
257685;"Herbier de Kernisi_30/10/2015_NA_F.Oppermann_5791";257686;"Rade de Brest";"BRES_03_HRB";"Kernisi (herbier)";;0;;;"";
257713;"Perharidy_30/10/2015_13:30_Michael Tanghe_5320";257714;"Pays de Morlaix";"MORL_03_CDB";"Perharidy (champ de blocs)";"01:30";1;;;"Promeneurs, joggeurs";
257765;"Champ de blocs de Kéraliou_10/11/2015_10:00_F.Oppermann & A.Postollec_5797";257766;"Rade de Brest";"BRES_03_CDB";"Keraliou (champ de blocs)";"10:00";0;;;"";
257771;"Herbier de Kernisi_10/11/2015_NA_A.Postollec_5795";257772;"Rade de Brest";"BRES_03_HRB";"Kernisi (herbier)";;0;;;"";
257795;"Perharidy_12/11/2015_12:25_Michael Tanghe_5325";257796;"Pays de Morlaix";"MORL_03_CDB";"Perharidy (champ de blocs)";"12:25";2;;;"";
257853;"Champ de blocs de Kéraliou_25/11/2015_10:05_F.Oppermann_5800";257854;"Rade de Brest";"BRES_03_CDB";"Keraliou (champ de blocs)";"10:05";0;;;"";
257859;"Herbier de Kernisi_25/11/2015_11:15_D.Cochennec_5829";257860;"Rade de Brest";"BRES_03_HRB";"Kernisi (herbier)";"11:15";1;;;"";
257861;"Herbier_des_Haas_25/11/2015_12:05_Saint_Jacut_Environnement_7003";257862;"Golfe Normand Breton";"GONB_01C_HRB";"Les Haas (herbier)";"12:05";0;;;"";
257869;"Perharidy_25/11/2015_11:00_Michael Tanghe_5333";257870;"Pays de Morlaix";"MORL_03_CDB";"Perharidy (champ de blocs)";"11:00";5;;;"";
257945;"Beg Lann_CDB_26/11/2015_10:15_JP_10872";257946;"Golfe du Morbihan";"GDMO_04_CDB";"Beg Lann (champ de blocs)";"10:15";9;;;"";
257951;"Boed_HRB_26/11/2015_12:15_JP_10692";257952;"Golfe du Morbihan";"GDMO_03_HRB";"Boëd (herbier)";"12:15";3;;;"";
257955;"Champeaux_26/11/2015_13:25_AAMP_7008";257956;"Golfe Normand Breton";"GONB_04B_HRM";"Récifs d'hermelles de Champeaux (Plage St Michel à  la cabane Vauban de Champeaux)";"01:25";163;;;"";
257957;"Champeaux_26/11/2015_13:55_AAMP_7009";257958;"Golfe Normand Breton";"GONB_04B_HRM";"Récifs d'hermelles de Champeaux (Plage St Michel à  la cabane Vauban de Champeaux)";"01:55";129;;;"";
257959;"Champeaux_26/11/2015_14:25_AAMP_7010";257960;"Golfe Normand Breton";"GONB_04B_HRM";"Récifs d'hermelles de Champeaux (Plage St Michel à  la cabane Vauban de Champeaux)";"02:25";105;;;"";
257965;"Erquy_CDB_26/11/2015_13:40_AAMP_7011";257966;"Golfe Normand Breton";"GONB_00C1_CDB";"Champs de blocs de l'îlot Saint-Michel (périmètre étendu)";"01:40";2;;;"";
257979;"La Falaise_CDB_26/11/2015_10:30_JP_11033";257980;"Golfe du Morbihan";"GDMO_01_CDB";"Locmariaquer (champ de blocs)";"10:30";8;;;"";
257985;"MOUSTERLIN_CDB_26/11/2015_10:15_HY_11088";257986;"Finistère Sud";"FINS_02_CDB";"Pointe de Mousterlin (champ de blocs)";"10:15";1;;;"";
258005;"Sainte-Anne_26/11/2015_NC_LIPAP_7015";258006;"Golfe Normand Breton";"GONB_03E_HRM";"Récifs d'hermelles de Sainte-Anne";;5;;;"";
258035;"Erquy_CDB_27/11/2015_13:25_AAMP_7017";258036;"Golfe Normand Breton";"GONB_00C1_CDB";"Champs de blocs de l'îlot Saint-Michel (périmètre étendu)";"01:25";0;;;"";
258037;"Erquy_CDB_27/11/2015_14:00_AAMP_7019";258038;"Golfe Normand Breton";"GONB_00C1_CDB";"Champs de blocs de l'îlot Saint-Michel (périmètre étendu)";"02:00";0;;;"";
258039;"Erquy_CDB_27/11/2015_14:25_AAMP_7021";258040;"Golfe Normand Breton";"GONB_00C1_CDB";"Champs de blocs de l'îlot Saint-Michel (périmètre étendu)";"02:25";0;;;"";
258081;"Perharidy_27/11/2015_12:30_Michael Tanghe_5341";258082;"Pays de Morlaix";"MORL_03_CDB";"Perharidy (champ de blocs)";"12:30";5;;;"";
258157;"Champ de blocs de Kéraliou_10/12/2015_10:10_F.Oppermann_5835";258158;"Rade de Brest";"BRES_03_CDB";"Keraliou (champ de blocs)";"10:10";0;;;"";
258163;"Herbier de Kernisi_10/12/2015_10:10_F.Oppermann_5832";258164;"Rade de Brest";"BRES_03_HRB";"Kernisi (herbier)";"10:10";0;;;"";
258179;"Herbier_des_Haas_11/12/2015_12:38_AAMP_7025";258180;"Golfe Normand Breton";"GONB_01C_HRB";"Les Haas (herbier)";"12:38";1;;;"";
258205;"Perharidy_15/12/2015_13:15_Michael Tanghe_5361";258206;"Pays de Morlaix";"MORL_03_CDB";"Perharidy (champ de blocs)";"01:15";1;;;"";
258219;"Perharidy_16/12/2015_14:35_Andrea Lauro_5364";258220;"Pays de Morlaix";"MORL_03_CDB";"Perharidy (champ de blocs)";"02:35";5;;;"Promeneurs, joggeurs";
258229;"Champ de blocs de Kéraliou_23/12/2015_09:00_L.Beauverger_5839";258230;"Rade de Brest";"BRES_03_CDB";"Keraliou (champ de blocs)";"09:00";2;;;"";
258231;"Herbier de Kernisi_23/12/2015_09:00_L.Beauverger_5836";258232;"Rade de Brest";"BRES_03_HRB";"Kernisi (herbier)";"09:00";0;;;"";
258245;"Perharidy_29/12/2015_13:55_Michael Tanghe_5371";258246;"Pays de Morlaix";"MORL_03_CDB";"Perharidy (champ de blocs)";"01:55";4;2;2;"Promeneurs, joggeurs";
258339;"Perharidy_25/01/2016_13:51_Andrea Lauro_8786";258340;"Pays de Morlaix";"MORL_03_CDB";"Perharidy (champ de blocs)";"01:51";5;;;"Promeneurs, joggeurs";
258361;"Champ de blocs de Kéraliou_29/01/2016_14:20_NA_5965";258362;"Rade de Brest";"BRES_03_CDB";"Keraliou (champ de blocs)";"02:20";0;;;"";
258363;"Herbier de Kernisi_29/01/2016_14:20_NA_5966";258364;"Rade de Brest";"BRES_03_HRB";"Kernisi (herbier)";"02:20";0;;;"";
258403;"Champ de blocs de Kéraliou_07/02/2016_10:10_NA_5969";258404;"Rade de Brest";"BRES_03_CDB";"Keraliou (champ de blocs)";"10:10";0;;;"";
258405;"Herbier de Kernisi_07/02/2016_10:10_NA_5970";258406;"Rade de Brest";"BRES_03_HRB";"Kernisi (herbier)";"10:10";0;;;"";
258417;"Beg Lann_CDB_08/02/2016_10:00_JP_10873";258418;"Golfe du Morbihan";"GDMO_04_CDB";"Beg Lann (champ de blocs)";"10:00";4;;;"";
258421;"Boed_HRB_08/02/2016_12:00_JP_10693";258422;"Golfe du Morbihan";"GDMO_03_HRB";"Boëd (herbier)";"12:00";5;;;"";
258435;"Boed_HRB_09/02/2016_13:00_JP_10694";258436;"Golfe du Morbihan";"GDMO_03_HRB";"Boëd (herbier)";"01:00";3;;;"";
258467;"Beg Lann_CDB_10/02/2016_NA_NA_10874";258468;"Golfe du Morbihan";"GDMO_04_CDB";"Beg Lann (champ de blocs)";;0;;;"";
258471;"Boed_HRB_10/02/2016_14:30_JP_10695";258472;"Golfe du Morbihan";"GDMO_03_HRB";"Boëd (herbier)";"02:30";0;;;"";
258491;"Herbier_des_Haas_10/02/2016_13:45_AAMP_7030";258492;"Golfe Normand Breton";"GONB_01C_HRB";"Les Haas (herbier)";"01:45";7;;;"";
258511;"La Falaise_CDB_10/02/2016_11:45_JP_11034";258512;"Golfe du Morbihan";"GDMO_01_CDB";"Locmariaquer (champ de blocs)";"11:45";0;;;"";
258527;"Perharidy_10/02/2016_14:03_Andrea Lauro_8790";258528;"Pays de Morlaix";"MORL_03_CDB";"Perharidy (champ de blocs)";"02:03";19;18;1;"Promeneurs, joggeurs";
258543;"Sainte-Anne_10/02/2016_15:47_LIPAP_7028";258544;"Golfe Normand Breton";"GONB_03E_HRM";"Récifs d'hermelles de Sainte-Anne";"03:47";80;;;"";
258565;"Boed_HRB_11/02/2016_14:00_JP_10696";258566;"Golfe du Morbihan";"GDMO_03_HRB";"Boëd (herbier)";"02:00";4;;;"";
258571;"Champeaux_11/02/2016_15:29_AAMP_7031";258572;"Golfe Normand Breton";"GONB_04B_HRM";"Récifs d'hermelles de Champeaux (Plage St Michel à  la cabane Vauban de Champeaux)";"03:29";79;;;"";
258573;"Champeaux_11/02/2016_15:59_AAMP_7032";258574;"Golfe Normand Breton";"GONB_04B_HRM";"Récifs d'hermelles de Champeaux (Plage St Michel à  la cabane Vauban de Champeaux)";"03:59";72;;;"";
258575;"Champeaux_11/02/2016_16:29_AAMP_7033";258576;"Golfe Normand Breton";"GONB_04B_HRM";"Récifs d'hermelles de Champeaux (Plage St Michel à  la cabane Vauban de Champeaux)";"04:29";68;;;"";
258579;"Erquy_CDB_11/02/2016_15:45_Guibert_Aurelien_7034";258580;"Golfe Normand Breton";"GONB_00C1_CDB";"Champs de blocs de l'îlot Saint-Michel (périmètre étendu)";"03:45";1;;;"";
258591;"Herbier_des_Haas_11/02/2016_15:05_Mairie_de_St_Jacut_de_la_mer_7038";258592;"Golfe Normand Breton";"GONB_01C_HRB";"Les Haas (herbier)";"03:05";30;;;"";
258623;"Perharidy_11/02/2016_14:15_Michaël Tanghe_8802";258624;"Pays de Morlaix";"MORL_03_CDB";"Perharidy (champ de blocs)";"02:15";5;;;"";
258629;"Sainte-Anne_11/02/2016_15:29_LIPAP_7037";258630;"Golfe Normand Breton";"GONB_03E_HRM";"Récifs d'hermelles de Sainte-Anne";"03:29";50;;;"";
258665;"Beg Lann_CDB_13/02/2016_14:00_JP_10875";258666;"Golfe du Morbihan";"GDMO_04_CDB";"Beg Lann (champ de blocs)";"02:00";0;;;"";
258719;"La Falaise_CDB_22/02/2016_10:30_JP_10929";258720;"Golfe du Morbihan";"GDMO_01_CDB";"Locmariaquer (champ de blocs)";"10:30";0;;;"";
258731;"Beg Lann_CDB_23/02/2016_11:00_JP_10876";258732;"Golfe du Morbihan";"GDMO_04_CDB";"Beg Lann (champ de blocs)";"11:00";8;;;"";
258735;"Boed_HRB_23/02/2016_13:00_JP_10697";258736;"Golfe du Morbihan";"GDMO_03_HRB";"Boëd (herbier)";"01:00";4;;;"";
258749;"Herbier_des_Haas_24/02/2016_NA_AAMP_7040";258750;"Golfe Normand Breton";"GONB_01C_HRB";"Les Haas (herbier)";;1;;;"";
258759;"La Falaise_CDB_24/02/2016_11:45_JP_10930";258760;"Golfe du Morbihan";"GDMO_01_CDB";"Locmariaquer (champ de blocs)";"11:45";0;;;"";
258765;"Perharidy_24/02/2016_13:30_Michaël Tanghe_8807";258766;"Pays de Morlaix";"MORL_03_CDB";"Perharidy (champ de blocs)";"01:30";2;;;"";
258781;"Beg Lann_CDB_25/02/2016_12:05_JP_10877";258782;"Golfe du Morbihan";"GDMO_04_CDB";"Beg Lann (champ de blocs)";"12:05";5;;;"";
258785;"Boed_HRB_25/02/2016_14:05_JP_10698";258786;"Golfe du Morbihan";"GDMO_03_HRB";"Boëd (herbier)";"02:05";5;;;"";
258791;"Perharidy_25/02/2016_14:30_Michaël Tanghe_8813";258792;"Pays de Morlaix";"MORL_03_CDB";"Perharidy (champ de blocs)";"02:30";11;;;"";
258799;"La Falaise_CDB_26/02/2016_13:00_JP_10931";258800;"Golfe du Morbihan";"GDMO_01_CDB";"Locmariaquer (champ de blocs)";"01:00";0;;;"";
258851;"La Falaise_CDB_07/03/2016_09:05_JP_10932";258852;"Golfe du Morbihan";"GDMO_01_CDB";"Locmariaquer (champ de blocs)";"09:05";0;;;"";
258865;"Perharidy_07/03/2016_10:30_Michaël Tanghe_8814";258866;"Pays de Morlaix";"MORL_03_CDB";"Perharidy (champ de blocs)";"10:30";0;;;"Promeneurs, joggeurs";
258871;"Beg Lann_CDB_08/03/2016_09:30_JP_10878";258872;"Golfe du Morbihan";"GDMO_04_CDB";"Beg Lann (champ de blocs)";"09:30";1;;;"";
258875;"Boed_HRB_08/03/2016_11:30_JP_10699";258876;"Golfe du Morbihan";"GDMO_03_HRB";"Boëd (herbier)";"11:30";0;;;"";
258933;"Perharidy_09/03/2016_12:18_Andrea Lauro_8821";258934;"Pays de Morlaix";"MORL_03_CDB";"Perharidy (champ de blocs)";"12:18";5;;;"Promeneurs, joggeurs";
258979;"Herbier_des_Haas_10/03/2016_14:05_Saint_Jacut_Environnement_7050";258980;"Golfe Normand Breton";"GONB_01C_HRB";"Les Haas (herbier)";"02:05";19;;;"";
259003;"MOUSTERLIN_CDB_10/03/2016_NA_HY_11089";259004;"Finistère Sud";"FINS_02_CDB";"Pointe de Mousterlin (champ de blocs)";;1;;;"";
259017;"Sainte-Anne_10/03/2016_14:32_LIPAP_7048";259018;"Golfe Normand Breton";"GONB_03E_HRM";"Récifs d'hermelles de Sainte-Anne";"02:32";100;;;"";
259075;"Champ de blocs de Kéraliou_11/03/2016_11:55_F.Sénéchal_5843";259076;"Rade de Brest";"BRES_03_CDB";"Keraliou (champ de blocs)";"11:55";0;;;"";
259113;"Herbier de Kernisi_11/03/2016_12:45_F.Sénéchal_5844";259114;"Rade de Brest";"BRES_03_HRB";"Kernisi (herbier)";"12:45";0;;;"";
259233;"MOUSTERLIN_CDB_11/03/2016_12:15_LM_11090";259234;"Finistère Sud";"FINS_02_CDB";"Pointe de Mousterlin (champ de blocs)";"12:15";0;;;"";
259347;"SAINT-NICOLAS / BANNANEC_CDB_11/03/2016_11:57_MD - TB_11091";259348;"Finistère Sud";"FINS_12_CDB";"Saint-Nicolas des Glénan (champ de blocs)";"11:57";0;;;"";
259349;"SAINT-NICOLAS / BANNANEC_HRBHAB_11/03/2016_11:57_MD - TB_11118";259350;"Finistère Sud";"FINS_12_HRB";"Saint-Nicolas des Glénan (herbier)";"11:57";2;;;"";
259371;"Beg Lann_CDB_12/03/2016_NA_NA_10879";259372;"Golfe du Morbihan";"GDMO_04_CDB";"Beg Lann (champ de blocs)";;0;;;"";
259375;"Boed_HRB_12/03/2016_15:00_DL_10700";259376;"Golfe du Morbihan";"GDMO_03_HRB";"Boëd (herbier)";"03:00";5;;;"";
259415;"La Falaise_CDB_12/03/2016_12:45_NA_11035";259416;"Golfe du Morbihan";"GDMO_01_CDB";"Locmariaquer (champ de blocs)";"12:45";8;;;"";
259467;"Perharidy_14/03/2016_15:45_Michaël Tanghe_8835";259468;"Pays de Morlaix";"MORL_03_CDB";"Perharidy (champ de blocs)";"03:45";3;;;"Promeneurs, joggeurs";
259517;"La Falaise_CDB_21/03/2016_09:25_JP_10933";259518;"Golfe du Morbihan";"GDMO_01_CDB";"Locmariaquer (champ de blocs)";"09:25";0;;;"";
259531;"La Falaise_CDB_22/03/2016_10:00_JP_10934";259532;"Golfe du Morbihan";"GDMO_01_CDB";"Locmariaquer (champ de blocs)";"10:00";0;;;"";
259545;"Beg Lann_CDB_23/03/2016_10:45_JP_10880";259546;"Golfe du Morbihan";"GDMO_04_CDB";"Beg Lann (champ de blocs)";"10:45";3;;;"";
259549;"Boed_HRB_23/03/2016_12:26_JP_10701";259550;"Golfe du Morbihan";"GDMO_03_HRB";"Boëd (herbier)";"12:26";0;;;"";
259591;"Perharidy_25/03/2016_13:45_Michaël Tanghe_8840";259592;"Pays de Morlaix";"MORL_03_CDB";"Perharidy (champ de blocs)";"01:45";5;;;"Promeneurs, joggeurs";
259603;"Champ de blocs de Kéraliou_27/03/2016_14:30_L.Beauverger_5973";259604;"Rade de Brest";"BRES_03_CDB";"Keraliou (champ de blocs)";"02:30";0;;;"";
259605;"Herbier de Kernisi_27/03/2016_14:30_L.Beauverger_5974";259606;"Rade de Brest";"BRES_03_HRB";"Kernisi (herbier)";"02:30";0;;;"";
259621;"Champ de blocs de Kéraliou_04/04/2016_08:30_Ronan ?_5977";259622;"Rade de Brest";"BRES_03_CDB";"Keraliou (champ de blocs)";"08:30";0;;;"";
259627;"Herbier de Kernisi_04/04/2016_08:30_Ronan ?_5978";259628;"Rade de Brest";"BRES_03_HRB";"Kernisi (herbier)";"08:30";0;;;"";
259735;"Beg Lann_CDB_07/04/2016_11:00_JP_10881";259736;"Golfe du Morbihan";"GDMO_04_CDB";"Beg Lann (champ de blocs)";"11:00";3;;;"";
259739;"Boed_HRB_07/04/2016_13:00_JP_10702";259740;"Golfe du Morbihan";"GDMO_03_HRB";"Boëd (herbier)";"01:00";4;;;"";
259885;"Beg Lann_CDB_08/04/2016_12:09_DL_10882";259886;"Golfe du Morbihan";"GDMO_04_CDB";"Beg Lann (champ de blocs)";"12:09";33;;;"";
259895;"Boed_HRB_08/04/2016_15:00_DL_10703";259896;"Golfe du Morbihan";"GDMO_03_HRB";"Boëd (herbier)";"03:00";39;;;"";
259913;"Champeaux_08/04/2016_NA_Mediateur_7061";259914;"Golfe Normand Breton";"GONB_04B_HRM";"Récifs d'hermelles de Champeaux (Plage St Michel à  la cabane Vauban de Champeaux)";;300;;;"";
260035;"La Falaise_CDB_08/04/2016_12:00_JP_11036";260036;"Golfe du Morbihan";"GDMO_01_CDB";"Locmariaquer (champ de blocs)";"12:00";15;;;"";
260137;"Perharidy_08/04/2016_13:35_Michaël Tanghe_8857";260138;"Pays de Morlaix";"MORL_03_CDB";"Perharidy (champ de blocs)";"01:35";78;67;11;"Promeneurs, joggeurs";"Dont 24 sur le champ de blocs"
260259;"Sainte-Anne_08/04/2016_NA_Mediateur_7067";260260;"Golfe Normand Breton";"GONB_03E_HRM";"Récifs d'hermelles de Sainte-Anne";;125;;;"";
260309;"Perharidy_09/04/2016_13:00_Michaël Tanghe_8865";260310;"Pays de Morlaix";"MORL_03_CDB";"Perharidy (champ de blocs)";"01:00";46;39;7;"Promeneurs, joggeurs";"Dont 12 sur le champ de blocs et 10 sur l_herbier"
260389;"Herbier de Kernisi_13/04/2016_16:20_A.Postollec_5981";260390;"Rade de Brest";"BRES_03_HRB";"Kernisi (herbier)";"04:20";0;;;"";
260477;"Boed_HRB_22/04/2016_14:00_JP_10704";260478;"Golfe du Morbihan";"GDMO_03_HRB";"Boëd (herbier)";"02:00";1;;;"";
260489;"Perharidy_22/04/2016_14:15_Michaël Tanghe_8874";260490;"Pays de Morlaix";"MORL_03_CDB";"Perharidy (champ de blocs)";"02:15";5;;;"";
260505;"La Falaise_CDB_23/04/2016_12:20_JP_10935";260506;"Golfe du Morbihan";"GDMO_01_CDB";"Locmariaquer (champ de blocs)";"12:20";0;;;"";
260653;"Champ de blocs de Kéraliou_06/05/2016_11:15_F.Opperman_5905";260654;"Rade de Brest";"BRES_03_CDB";"Keraliou (champ de blocs)";"11:15";6;;;"";
260663;"Erquy_CDB_06/05/2016_13:58_AAMP_7070";260664;"Golfe Normand Breton";"GONB_00C1_CDB";"Champs de blocs de l'îlot Saint-Michel (périmètre étendu)";"01:58";27;;;"";
260761;"SAINT-NICOLAS / BANNANEC_CDB_06/05/2016_11:27_BF - BC - MLG - SLC - MLR_11093";260762;"Finistère Sud";"FINS_12_CDB";"Saint-Nicolas des Glénan (champ de blocs)";"11:27";3;;;"";
260793;"Beg Lann_CDB_07/05/2016_11:32_DL_10883";260794;"Golfe du Morbihan";"GDMO_04_CDB";"Beg Lann (champ de blocs)";"11:32";0;;;"";
260797;"Boed_HRB_07/05/2016_NA_DL_10705";260798;"Golfe du Morbihan";"GDMO_03_HRB";"Boëd (herbier)";;0;;;"";
260867;"La Falaise_CDB_07/05/2016_11:35_NA_11037";260868;"Golfe du Morbihan";"GDMO_01_CDB";"Locmariaquer (champ de blocs)";"11:35";8;;;"";
261109;"Herbier_des_Haas_10/05/2016_NC_Gabriel_Ifremer_7072";261110;"Golfe Normand Breton";"GONB_01C_HRB";"Les Haas (herbier)";;4;;;"";
261165;"Herbier_des_Haas_20/05/2016_13:40_AAMP_7075";261166;"Golfe Normand Breton";"GONB_01C_HRB";"Les Haas (herbier)";"01:40";6;;;"";
261175;"Champ de blocs de Kéraliou_21/05/2016_11:45_F.Oppermann_5984";261176;"Rade de Brest";"BRES_03_CDB";"Keraliou (champ de blocs)";"11:45";0;;;"";
261197;"La Falaise_CDB_21/05/2016_11:00_JP_10936";261198;"Golfe du Morbihan";"GDMO_01_CDB";"Locmariaquer (champ de blocs)";"11:00";0;;;"";
261231;"Champeaux_23/05/2016_15:24_AAMP_7076";261232;"Golfe Normand Breton";"GONB_04B_HRM";"Récifs d'hermelles de Champeaux (Plage St Michel à  la cabane Vauban de Champeaux)";"03:24";39;;;"";
261305;"Perharidy_26/05/2016_15:20_Michaël Tanghe_8882";261306;"Pays de Morlaix";"MORL_03_CDB";"Perharidy (champ de blocs)";"03:20";0;;;"";
261403;"Herbier_des_Haas_01/06/2016_10:31_AAMP_7079";261404;"Golfe Normand Breton";"GONB_01C_HRB";"Les Haas (herbier)";"10:31";0;;;"";
261465;"Beg Lann_CDB_04/06/2016_10:19_LV_10884";261466;"Golfe du Morbihan";"GDMO_04_CDB";"Beg Lann (champ de blocs)";"10:19";9;;;"";
261471;"Boed_HRB_04/06/2016_12:26_LV_10706";261472;"Golfe du Morbihan";"GDMO_03_HRB";"Boëd (herbier)";"12:26";2;;;"";
261475;"Champeaux_04/06/2016_15:33_AAMP_7087";261476;"Golfe Normand Breton";"GONB_04B_HRM";"Récifs d'hermelles de Champeaux (Plage St Michel à  la cabane Vauban de Champeaux)";"03:33";77;;;"";
261485;"La Falaise_CDB_04/06/2016_10:20_JP_10937";261486;"Golfe du Morbihan";"GDMO_01_CDB";"Locmariaquer (champ de blocs)";"10:20";0;;;"";
261571;"SAINT-NICOLAS / BANNANEC_HRBHAB_05/06/2016_11:30_MD - BF - BC - SLC - ND _11119";261572;"Finistère Sud";"FINS_12_HRB";"Saint-Nicolas des Glénan (herbier)";"11:30";4;;;"";
261587;"Beg Lann_CDB_06/06/2016_12:16_NA_10885";261588;"Golfe du Morbihan";"GDMO_04_CDB";"Beg Lann (champ de blocs)";"12:16";13;;;"";
261593;"Boed_HRB_06/06/2016_14:30_DL_10707";261594;"Golfe du Morbihan";"GDMO_03_HRB";"Boëd (herbier)";"02:30";12;;;"";
261603;"Champeaux_06/06/2016_15:20_AAMP_7096";261604;"Golfe Normand Breton";"GONB_04B_HRM";"Récifs d'hermelles de Champeaux (Plage St Michel à  la cabane Vauban de Champeaux)";"03:20";234;;;"";
261605;"Champeaux_06/06/2016_15:50_AAMP_7097";261606;"Golfe Normand Breton";"GONB_04B_HRM";"Récifs d'hermelles de Champeaux (Plage St Michel à  la cabane Vauban de Champeaux)";"03:50";179;;;"";
261607;"Champeaux_06/06/2016_16:20_AAMP_7098";261608;"Golfe Normand Breton";"GONB_04B_HRM";"Récifs d'hermelles de Champeaux (Plage St Michel à  la cabane Vauban de Champeaux)";"04:20";113;;;"";
261643;"La Falaise_CDB_06/06/2016_12:00_NA_11038";261644;"Golfe du Morbihan";"GDMO_01_CDB";"Locmariaquer (champ de blocs)";"12:00";0;;;"";
261687;"SAINT-NICOLAS / BANNANEC_HRBHAB_06/06/2016_12:16_MD - BF - NM - A - KQ - MLB - C - MLR_11120";261688;"Finistère Sud";"FINS_12_HRB";"Saint-Nicolas des Glénan (herbier)";"12:16";4;;;"";
261701;"Beg Lann_CDB_07/06/2016_12:34_LV_10886";261702;"Golfe du Morbihan";"GDMO_04_CDB";"Beg Lann (champ de blocs)";"12:34";8;;;"";
261707;"Boed_HRB_07/06/2016_15:15_LV_10708";261708;"Golfe du Morbihan";"GDMO_03_HRB";"Boëd (herbier)";"03:15";4;;;"";
261715;"Champ de blocs de Kéraliou_07/06/2016_12:41_Ronan ?_5987";261716;"Rade de Brest";"BRES_03_CDB";"Keraliou (champ de blocs)";"12:41";4;;;"";
261727;"Herbier de Kernisi_07/06/2016_12:41_Ronan ?_5988";261728;"Rade de Brest";"BRES_03_HRB";"Kernisi (herbier)";"12:41";0;;;"";
261729;"Herbier_des_Haas_07/06/2016_16:30_AAMP_7109";261730;"Golfe Normand Breton";"GONB_01C_HRB";"Les Haas (herbier)";"04:30";4;;;"";
261755;"MOUSTERLIN_CDB_07/06/2016_12:55_MLR_11094";261756;"Finistère Sud";"FINS_02_CDB";"Pointe de Mousterlin (champ de blocs)";"12:55";2;;;"";
261777;"La Falaise_CDB_09/06/2016_14:35_LV_10938";261778;"Golfe du Morbihan";"GDMO_01_CDB";"Locmariaquer (champ de blocs)";"02:35";0;;;"";
261859;"Champ de blocs de Kéraliou_17/06/2016_09:45_F.Oppermann_5991";261860;"Rade de Brest";"BRES_03_CDB";"Keraliou (champ de blocs)";"09:45";0;;;"";
261861;"Champeaux_17/06/2016_12:20_AAMP_7111";261862;"Golfe Normand Breton";"GONB_04B_HRM";"Récifs d'hermelles de Champeaux (Plage St Michel à  la cabane Vauban de Champeaux)";"12:20";3;;;"";
261865;"Herbier de Kernisi_17/06/2016_09:45_F.Oppermann_5992";261866;"Rade de Brest";"BRES_03_HRB";"Kernisi (herbier)";"09:45";0;;;"";
261941;"Beg Lann_CDB_20/06/2016_11:15_LV_10887";261942;"Golfe du Morbihan";"GDMO_04_CDB";"Beg Lann (champ de blocs)";"11:15";0;;;"";
261945;"Boed_HRB_20/06/2016_13:10_LV_10709";261946;"Golfe du Morbihan";"GDMO_03_HRB";"Boëd (herbier)";"01:10";0;;;"";
261955;"La Falaise_CDB_20/06/2016_11:20_JP_10939";261956;"Golfe du Morbihan";"GDMO_01_CDB";"Locmariaquer (champ de blocs)";"11:20";0;;;"";
261959;"Beg Lann_CDB_21/06/2016_11:43_LV_10888";261960;"Golfe du Morbihan";"GDMO_04_CDB";"Beg Lann (champ de blocs)";"11:43";3;;;"";
261963;"Boed_HRB_21/06/2016_14:00_LV_10710";261964;"Golfe du Morbihan";"GDMO_03_HRB";"Boëd (herbier)";"02:00";0;;;"";
261973;"Herbier_des_Haas_21/06/2016_14:20_AAMP_7113";261974;"Golfe Normand Breton";"GONB_01C_HRB";"Les Haas (herbier)";"02:20";3;;;"";
261987;"La Falaise_CDB_21/06/2016_11:50_JP_10940";261988;"Golfe du Morbihan";"GDMO_01_CDB";"Locmariaquer (champ de blocs)";"11:50";0;;;"";
262019;"Beg Lann_CDB_22/06/2016_12:20_LV_10889";262020;"Golfe du Morbihan";"GDMO_04_CDB";"Beg Lann (champ de blocs)";"12:20";0;;;"";
262023;"Boed_HRB_22/06/2016_14:35_LV_10711";262024;"Golfe du Morbihan";"GDMO_03_HRB";"Boëd (herbier)";"02:35";0;;;"";
262051;"La Falaise_CDB_22/06/2016_12:30_JP_10941";262052;"Golfe du Morbihan";"GDMO_01_CDB";"Locmariaquer (champ de blocs)";"12:30";2;;;"";
262075;"Boed_HRB_23/06/2016_16:10_LV_10712";262076;"Golfe du Morbihan";"GDMO_03_HRB";"Boëd (herbier)";"04:10";4;;;"";
262091;"Beg Lann_CDB_24/06/2016_13:40_LV_10890";262092;"Golfe du Morbihan";"GDMO_04_CDB";"Beg Lann (champ de blocs)";"01:40";0;;;"";
262095;"Boed_HRB_24/06/2016_16:23_LV_10713";262096;"Golfe du Morbihan";"GDMO_03_HRB";"Boëd (herbier)";"04:23";0;;;"";
262097;"Champeaux_24/06/2016_16:40_AAMP_7115";262098;"Golfe Normand Breton";"GONB_04B_HRM";"Récifs d'hermelles de Champeaux (Plage St Michel à  la cabane Vauban de Champeaux)";"04:40";33;;;"";
262099;"Champeaux_24/06/2016_17:10_AAMP_7116";262100;"Golfe Normand Breton";"GONB_04B_HRM";"Récifs d'hermelles de Champeaux (Plage St Michel à  la cabane Vauban de Champeaux)";"05:10";30;;;"";
262101;"Champeaux_24/06/2016_17:40_AAMP_7117";262102;"Golfe Normand Breton";"GONB_04B_HRM";"Récifs d'hermelles de Champeaux (Plage St Michel à  la cabane Vauban de Champeaux)";"05:40";18;;;"";
262109;"La Falaise_CDB_24/06/2016_14:00_JP_10942";262110;"Golfe du Morbihan";"GDMO_01_CDB";"Locmariaquer (champ de blocs)";"02:00";0;;;"";
262149;"Beg Lann_CDB_30/06/2016_19:37_LV_10891";262150;"Golfe du Morbihan";"GDMO_04_CDB";"Beg Lann (champ de blocs)";"07:37";0;;;"";
262153;"Boed_HRB_30/06/2016_21:40_LV_10714";262154;"Golfe du Morbihan";"GDMO_03_HRB";"Boëd (herbier)";"09:40";0;;;"";
262157;"Champeaux_30/06/2016_09:50_AAMP_7119";262158;"Golfe Normand Breton";"GONB_04B_HRM";"Récifs d'hermelles de Champeaux (Plage St Michel à  la cabane Vauban de Champeaux)";"09:50";9;;;"";
262163;"La Falaise_CDB_30/06/2016_20:00_JP_10943";262164;"Golfe du Morbihan";"GDMO_01_CDB";"Locmariaquer (champ de blocs)";"08:00";0;;;"";
262167;"Beg Lann_CDB_01/07/2016_08:12_LV_10892";262168;"Golfe du Morbihan";"GDMO_04_CDB";"Beg Lann (champ de blocs)";"08:12";1;;;"";
262171;"Boed_HRB_01/07/2016_10:15_LV_10715";262172;"Golfe du Morbihan";"GDMO_03_HRB";"Boëd (herbier)";"10:15";0;;;"";
262175;"Herbier_des_Haas_01/07/2016_10:40_AAMP_7121";262176;"Golfe Normand Breton";"GONB_01C_HRB";"Les Haas (herbier)";"10:40";10;;;"";
262181;"La Falaise_CDB_01/07/2016_08:15_JP_10944";262182;"Golfe du Morbihan";"GDMO_01_CDB";"Locmariaquer (champ de blocs)";"08:15";0;;;"";
262189;"Beg Lann_CDB_02/07/2016_09:10_LV_10893";262190;"Golfe du Morbihan";"GDMO_04_CDB";"Beg Lann (champ de blocs)";"09:10";0;;;"";
262193;"Boed_HRB_02/07/2016_11:15_LV_10716";262194;"Golfe du Morbihan";"GDMO_03_HRB";"Boëd (herbier)";"11:15";1;;;"";
262203;"La Falaise_CDB_02/07/2016_09:20_JP_10945";262204;"Golfe du Morbihan";"GDMO_01_CDB";"Locmariaquer (champ de blocs)";"09:20";0;;;"";
262245;"Perharidy_03/07/2016_11:40_Andrea Lauro_8903";262246;"Pays de Morlaix";"MORL_03_CDB";"Perharidy (champ de blocs)";"11:40";3;;;"";
262265;"Beg Lann_CDB_04/07/2016_10:55_LV_10894";262266;"Golfe du Morbihan";"GDMO_04_CDB";"Beg Lann (champ de blocs)";"10:55";12;;;"";
262271;"Boed_HRB_04/07/2016_13:08_LV_10717";262272;"Golfe du Morbihan";"GDMO_03_HRB";"Boëd (herbier)";"01:08";2;;;"";
262279;"La Falaise_CDB_04/07/2016_11:05_JP_10946";262280;"Golfe du Morbihan";"GDMO_01_CDB";"Locmariaquer (champ de blocs)";"11:05";0;;;"";
262361;"Herbier de Kernisi_05/07/2016_12:05_A.Postollec_5995";262362;"Rade de Brest";"BRES_03_HRB";"Kernisi (herbier)";"12:05";3;;;"";
262363;"Herbier_des_Haas_05/07/2016_14:30_AAMP_7124";262364;"Golfe Normand Breton";"GONB_01C_HRB";"Les Haas (herbier)";"02:30";26;;;"";
262485;"MOUSTERLIN_CDB_05/07/2016_11:30_MT_11095";262486;"Finistère Sud";"FINS_02_CDB";"Pointe de Mousterlin (champ de blocs)";"11:30";8;;;"";
262595;"Champeaux_06/07/2016_15:40_AAMP_7127";262596;"Golfe Normand Breton";"GONB_04B_HRM";"Récifs d'hermelles de Champeaux (Plage St Michel à  la cabane Vauban de Champeaux)";"03:40";204;;;"";
262635;"SAINT-NICOLAS / BANNANEC_CDB_06/07/2016_11:30_MD - BF - MLG - AC - JB - MB - FB - GD_11096";262636;"Finistère Sud";"FINS_12_CDB";"Saint-Nicolas des Glénan (champ de blocs)";"11:30";3;;;"";
262667;"Perharidy_07/07/2016_15:20_Michaël Tanghe_8913";262668;"Pays de Morlaix";"MORL_03_CDB";"Perharidy (champ de blocs)";"03:20";17;10;7;"Promeneurs, joggeurs";
262843;"Champ de blocs de Kéraliou_18/07/2016_10:00_C.Le Jeune_5998";262844;"Rade de Brest";"BRES_03_CDB";"Keraliou (champ de blocs)";"10:00";0;;;"";
262845;"Herbier de Kernisi_18/07/2016_10:00_C.Le Jeune_5999";262846;"Rade de Brest";"BRES_03_HRB";"Kernisi (herbier)";"10:00";0;;;"";
262861;"Perharidy_18/07/2016_12:05_Michaël Tanghe_8917";262862;"Pays de Morlaix";"MORL_03_CDB";"Perharidy (champ de blocs)";"12:05";3;2;1;"Promeneurs, joggeurs";
262885;"Beg Lann_CDB_19/07/2016_10:52_LV_10895";262886;"Golfe du Morbihan";"GDMO_04_CDB";"Beg Lann (champ de blocs)";"10:52";17;;;"";
262889;"Boed_HRB_19/07/2016_13:00_LV_10718";262890;"Golfe du Morbihan";"GDMO_03_HRB";"Boëd (herbier)";"01:00";0;;;"";
262915;"La Falaise_CDB_19/07/2016_11:00_JP_10947";262916;"Golfe du Morbihan";"GDMO_01_CDB";"Locmariaquer (champ de blocs)";"11:00";0;;;"";
262949;"Champeaux_20/07/2016_14:40_AAMP_7130";262950;"Golfe Normand Breton";"GONB_04B_HRM";"Récifs d'hermelles de Champeaux (Plage St Michel à  la cabane Vauban de Champeaux)";"02:40";172;;;"";
262969;"La Falaise_CDB_20/07/2016_11:40_JP_10948";262970;"Golfe du Morbihan";"GDMO_01_CDB";"Locmariaquer (champ de blocs)";"11:40";0;;;"";
263001;"Beg Lann_CDB_21/07/2016_12:05_LV_10896";263002;"Golfe du Morbihan";"GDMO_04_CDB";"Beg Lann (champ de blocs)";"12:05";0;;;"";
263005;"Boed_HRB_21/07/2016_14:30_LV_10719";263006;"Golfe du Morbihan";"GDMO_03_HRB";"Boëd (herbier)";"02:30";3;;;"";
263021;"Herbier_des_Haas_21/07/2016_15:00_AAMP_7133";263022;"Golfe Normand Breton";"GONB_01C_HRB";"Les Haas (herbier)";"03:00";19;;;"";
263031;"La Falaise_CDB_21/07/2016_12:15_JP_10949";263032;"Golfe du Morbihan";"GDMO_01_CDB";"Locmariaquer (champ de blocs)";"12:15";8;;;"";
263051;"Erquy_CDB_22/07/2016_16:00_SMDC_7135";263052;"Golfe Normand Breton";"GONB_00C1_CDB";"Champs de blocs de l'îlot Saint-Michel (périmètre étendu)";"04:00";6;;;"";
263075;"La Falaise_CDB_22/07/2016_13:06_LV_10950";263076;"Golfe du Morbihan";"GDMO_01_CDB";"Locmariaquer (champ de blocs)";"01:06";23;;;"";
263093;"Perharidy_22/07/2016_14:25_Michaël Tanghe_8924";263094;"Pays de Morlaix";"MORL_03_CDB";"Perharidy (champ de blocs)";"02:25";20;14;6;"";
263117;"Beg Lann_CDB_23/07/2016_13:20_LV_10897";263118;"Golfe du Morbihan";"GDMO_04_CDB";"Beg Lann (champ de blocs)";"01:20";5;;;"";
263121;"Boed_HRB_23/07/2016_15:42_LV_10720";263122;"Golfe du Morbihan";"GDMO_03_HRB";"Boëd (herbier)";"03:42";0;;;"";
263153;"Perharidy_25/07/2016_16:00_Michaël Tanghe_8929";263154;"Pays de Morlaix";"MORL_03_CDB";"Perharidy (champ de blocs)";"04:00";26;19;7;"";
263223;"Boed_HRB_01/08/2016_12:04_LV_10721";263224;"Golfe du Morbihan";"GDMO_03_HRB";"Boëd (herbier)";"12:04";0;;;"";
263257;"La Falaise_CDB_02/08/2016_10:50_LV_10951";263258;"Golfe du Morbihan";"GDMO_01_CDB";"Locmariaquer (champ de blocs)";"10:50";11;;;"";
263275;"Perharidy_02/08/2016_13:25_Michaël Tanghe_8934";263276;"Pays de Morlaix";"MORL_03_CDB";"Perharidy (champ de blocs)";"01:25";5;;;"";
263289;"Beg Lann_CDB_03/08/2016_11:25_LV_10898";263290;"Golfe du Morbihan";"GDMO_04_CDB";"Beg Lann (champ de blocs)";"11:25";0;;;"";
263293;"Boed_HRB_03/08/2016_13:45_LV_10722";263294;"Golfe du Morbihan";"GDMO_03_HRB";"Boëd (herbier)";"01:45";0;;;"";
263313;"Beg Lann_CDB_04/08/2016_12:15_LV_10899";263314;"Golfe du Morbihan";"GDMO_04_CDB";"Beg Lann (champ de blocs)";"12:15";25;;;"";
263317;"Boed_HRB_04/08/2016_14:20_LV_10723";263318;"Golfe du Morbihan";"GDMO_03_HRB";"Boëd (herbier)";"02:20";7;;;"";
263339;"La Falaise_CDB_05/08/2016_12:30_LV_10952";263340;"Golfe du Morbihan";"GDMO_01_CDB";"Locmariaquer (champ de blocs)";"12:30";22;;;"";
263353;"Perharidy_07/08/2016_16:30_Michaël Tanghe_8940";263354;"Pays de Morlaix";"MORL_03_CDB";"Perharidy (champ de blocs)";"04:30";10;7;3;"Promeneurs, joggeurs";
263369;"Boed_HRB_08/08/2016_17:02_LV_10724";263370;"Golfe du Morbihan";"GDMO_03_HRB";"Boëd (herbier)";"05:02";12;;;"";
263561;"Boed_HRB_17/08/2016_12:12_LV_10725";263562;"Golfe du Morbihan";"GDMO_03_HRB";"Boëd (herbier)";"12:12";0;;;"";
263623;"Beg Lann_CDB_18/08/2016_11:10_LV_10900";263624;"Golfe du Morbihan";"GDMO_04_CDB";"Beg Lann (champ de blocs)";"11:10";0;;;"";
263629;"Boed_HRB_18/08/2016_13:15_LV_10726";263630;"Golfe du Morbihan";"GDMO_03_HRB";"Boëd (herbier)";"01:15";4;;;"";
263681;"Beg Lann_CDB_19/08/2016_11:50_LV_10901";263682;"Golfe du Morbihan";"GDMO_04_CDB";"Beg Lann (champ de blocs)";"11:50";3;;;"";
263687;"Boed_HRB_19/08/2016_14:00_LV_10727";263688;"Golfe du Morbihan";"GDMO_03_HRB";"Boëd (herbier)";"02:00";12;;;"";
263745;"MOUSTERLIN_CDB_19/08/2016_11:45_MLR_11097";263746;"Finistère Sud";"FINS_02_CDB";"Pointe de Mousterlin (champ de blocs)";"11:45";0;;;"";
263747;"Perharidy_19/08/2016_13:00_Michaël Tanghe_8945";263748;"Pays de Morlaix";"MORL_03_CDB";"Perharidy (champ de blocs)";"01:00";25;21;4;"";
263763;"SAINT-NICOLAS / BANNANEC_CDB_19/08/2016_11:15_MLG - NM_11098";263764;"Finistère Sud";"FINS_12_CDB";"Saint-Nicolas des Glénan (champ de blocs)";"11:15";0;;;"";
263765;"SAINT-NICOLAS / BANNANEC_HRBHAB_19/08/2016_11:15_MLG - NM_11121";263766;"Finistère Sud";"FINS_12_HRB";"Saint-Nicolas des Glénan (herbier)";"11:15";0;;;"";
263923;"Champ de blocs de Kéraliou_20/08/2016_13:05_F.Opperman_5936";263924;"Rade de Brest";"BRES_03_CDB";"Keraliou (champ de blocs)";"01:05";3;;;"";
263925;"Champeaux_20/08/2016_NA_AAMP_7177";263926;"Golfe Normand Breton";"GONB_04B_HRM";"Récifs d'hermelles de Champeaux (Plage St Michel à  la cabane Vauban de Champeaux)";;838;;;"";
263995;"Herbier de Kernisi_20/08/2016_13:05_F.Opperman_5937";263996;"Rade de Brest";"BRES_03_HRB";"Kernisi (herbier)";"01:05";2;;;"";
263997;"Herbier_des_Haas_20/08/2016_NA_Saint_Jacut_Environnement_7175";263998;"Golfe Normand Breton";"GONB_01C_HRB";"Les Haas (herbier)";;95;;;"";
264155;"MOUSTERLIN_CDB_20/08/2016_12:45_MLR_11099";264156;"Finistère Sud";"FINS_02_CDB";"Pointe de Mousterlin (champ de blocs)";"12:45";5;;;"";
264163;"Perharidy_20/08/2016_14:26_Andrea Lauro_8962";264164;"Pays de Morlaix";"MORL_03_CDB";"Perharidy (champ de blocs)";"02:26";38;35;3;"Promeneurs, joggeurs";
264285;"Sainte-Anne_20/08/2016_NA_AAMP_7179";264286;"Golfe Normand Breton";"GONB_03E_HRM";"Récifs d'hermelles de Sainte-Anne";;11;;;"";
264299;"SAINT-NICOLAS / BANNANEC_CDB_20/08/2016_12:00_MLG - NM_11100";264300;"Finistère Sud";"FINS_12_CDB";"Saint-Nicolas des Glénan (champ de blocs)";"12:00";0;;;"";
264301;"SAINT-NICOLAS / BANNANEC_HRBHAB_20/08/2016_12:00_MLG - NM_11122";264302;"Finistère Sud";"FINS_12_HRB";"Saint-Nicolas des Glénan (herbier)";"12:00";0;;;"";
264333;"Erquy_CDB_21/08/2016_16:32_AAMP_7137";264334;"Golfe Normand Breton";"GONB_00C1_CDB";"Champs de blocs de l'îlot Saint-Michel (périmètre étendu)";"04:32";2;;;"";
264349;"Perharidy_21/08/2016_13:00_Michaël Tanghe_8965";264350;"Pays de Morlaix";"MORL_03_CDB";"Perharidy (champ de blocs)";"01:00";52;43;9;"";
264367;"La Falaise_CDB_22/08/2016_14:08_LV_10953";264368;"Golfe du Morbihan";"GDMO_01_CDB";"Locmariaquer (champ de blocs)";"02:08";105;;;"";
264387;"La Falaise_CDB_23/08/2016_14:51_LV_10954";264388;"Golfe du Morbihan";"GDMO_01_CDB";"Locmariaquer (champ de blocs)";"02:51";21;;;"";
264399;"Beg Lann_CDB_24/08/2016_15:40_LV_10902";264400;"Golfe du Morbihan";"GDMO_04_CDB";"Beg Lann (champ de blocs)";"03:40";0;;;"";
264403;"Boed_HRB_24/08/2016_17:35_LV_10728";264404;"Golfe du Morbihan";"GDMO_03_HRB";"Boëd (herbier)";"05:35";12;;;"";
264465;"Herbier_des_Haas_29/08/2016_11:22_AAMP_7139";264466;"Golfe Normand Breton";"GONB_01C_HRB";"Les Haas (herbier)";"11:22";4;;;"";
264477;"La Falaise_CDB_29/08/2016_08:53_LV_10955";264478;"Golfe du Morbihan";"GDMO_01_CDB";"Locmariaquer (champ de blocs)";"08:53";0;;;"";
264505;"Beg Lann_CDB_30/08/2016_09:36_LV_10903";264506;"Golfe du Morbihan";"GDMO_04_CDB";"Beg Lann (champ de blocs)";"09:36";0;;;"";
264509;"Boed_HRB_30/08/2016_11:44_NA_10729";264510;"Golfe du Morbihan";"GDMO_03_HRB";"Boëd (herbier)";"11:44";0;;;"";
264559;"Champeaux_01/09/2016_14:17_AAMP_7216";264560;"Golfe Normand Breton";"GONB_04B_HRM";"Récifs d'hermelles de Champeaux (Plage St Michel à  la cabane Vauban de Champeaux)";"02:17";245;;;"";
264561;"Champeaux_01/09/2016_14:47_AAMP_7217";264562;"Golfe Normand Breton";"GONB_04B_HRM";"Récifs d'hermelles de Champeaux (Plage St Michel à  la cabane Vauban de Champeaux)";"02:47";290;;;"";
264563;"Champeaux_01/09/2016_15:17_AAMP_7218";264564;"Golfe Normand Breton";"GONB_04B_HRM";"Récifs d'hermelles de Champeaux (Plage St Michel à  la cabane Vauban de Champeaux)";"03:17";291;;;"";
264707;"Perharidy_05/09/2016_15:40_Michaël Tanghe_8973";264708;"Pays de Morlaix";"MORL_03_CDB";"Perharidy (champ de blocs)";"03:40";0;;;"Promeneurs, joggeurs";
264813;"Boed_HRB_14/09/2016_11:15_MLP_10730";264814;"Golfe du Morbihan";"GDMO_03_HRB";"Boëd (herbier)";"11:15";0;;;"";
264845;"La Falaise_CDB_15/09/2016_10:25_LV_10956";264846;"Golfe du Morbihan";"GDMO_01_CDB";"Locmariaquer (champ de blocs)";"10:25";15;;;"";
264889;"Erquy_CDB_16/09/2016_NA_AAMP_7212";264890;"Golfe Normand Breton";"GONB_00C1_CDB";"Champs de blocs de l'îlot Saint-Michel (périmètre étendu)";;4;;;"";
264927;"Perharidy_16/09/2016_13:03_Michaël Tanghe_8976";264928;"Pays de Morlaix";"MORL_03_CDB";"Perharidy (champ de blocs)";"01:03";5;;;"";
265011;"Herbier_des_Haas_17/09/2016_NA_AAMP_7210";265012;"Golfe Normand Breton";"GONB_01C_HRB";"Les Haas (herbier)";;149;;;"";
265267;"Champeaux_18/09/2016_15:30_AAMP_7206";265268;"Golfe Normand Breton";"GONB_04B_HRM";"Récifs d'hermelles de Champeaux (Plage St Michel à  la cabane Vauban de Champeaux)";"03:30";643;;;"";
265297;"Herbier_des_Haas_18/09/2016_NA_Saint_Jacut_Environnement_7203";265298;"Golfe Normand Breton";"GONB_01C_HRB";"Les Haas (herbier)";;113;;;"";
265359;"Perharidy_18/09/2016_13:30_Michaël Tanghe_8995";265360;"Pays de Morlaix";"MORL_03_CDB";"Perharidy (champ de blocs)";"01:30";40;35;5;"";
265451;"La Falaise_CDB_19/09/2016_13:00_LV_11039";265452;"Golfe du Morbihan";"GDMO_01_CDB";"Locmariaquer (champ de blocs)";"01:00";107;;;"";
265465;"Perharidy_19/09/2016_13:00_Michaël Tanghe_8999";265466;"Pays de Morlaix";"MORL_03_CDB";"Perharidy (champ de blocs)";"01:00";10;;;"";
265475;"SAINT-NICOLAS / BANNANEC_CDB_19/09/2016_12:33_MLR_11101";265476;"Finistère Sud";"FINS_12_CDB";"Saint-Nicolas des Glénan (champ de blocs)";"12:33";0;;;"";
265477;"SAINT-NICOLAS / BANNANEC_HRBHAB_19/09/2016_12:33_MLR_11123";265478;"Finistère Sud";"FINS_12_HRB";"Saint-Nicolas des Glénan (herbier)";"12:33";2;;;"";
265485;"Beg Lann_CDB_20/09/2016_13:41_LV_10904";265486;"Golfe du Morbihan";"GDMO_04_CDB";"Beg Lann (champ de blocs)";"01:41";4;;;"";
265491;"Boed_HRB_20/09/2016_15:49_MLP_10731";265492;"Golfe du Morbihan";"GDMO_03_HRB";"Boëd (herbier)";"03:49";1;;;"";
265527;"La Falaise_CDB_22/09/2016_15:30_mlp_10957";265528;"Golfe du Morbihan";"GDMO_01_CDB";"Locmariaquer (champ de blocs)";"03:30";5;;;"";
265577;"Beg Lann_CDB_28/09/2016_09:30_mlp_10905";265578;"Golfe du Morbihan";"GDMO_04_CDB";"Beg Lann (champ de blocs)";"09:30";0;;;"";
265581;"Boed_HRB_28/09/2016_11:35_MLP_10732";265582;"Golfe du Morbihan";"GDMO_03_HRB";"Boëd (herbier)";"11:35";2;;;"";
265595;"La Falaise_CDB_28/09/2016_09:22_mlp_10958";265596;"Golfe du Morbihan";"GDMO_01_CDB";"Locmariaquer (champ de blocs)";"09:22";3;;;"";
265607;"Boed_HRB_29/09/2016_12:15_MLP_10733";265608;"Golfe du Morbihan";"GDMO_03_HRB";"Boëd (herbier)";"12:15";0;;;"";
265615;"La Falaise_CDB_29/09/2016_09:23_mlp_10959";265616;"Golfe du Morbihan";"GDMO_01_CDB";"Locmariaquer (champ de blocs)";"09:23";4;;;"";
265627;"Beg Lann_CDB_30/09/2016_10:53_LV_10906";265628;"Golfe du Morbihan";"GDMO_04_CDB";"Beg Lann (champ de blocs)";"10:53";4;;;"";
265631;"Boed_HRB_30/09/2016_13:05_MLP_10734";265632;"Golfe du Morbihan";"GDMO_03_HRB";"Boëd (herbier)";"01:05";1;;;"";
265669;"La Falaise_CDB_03/10/2016_12:40_mlp_10960";265670;"Golfe du Morbihan";"GDMO_01_CDB";"Locmariaquer (champ de blocs)";"12:40";3;;;"";
265677;"Perharidy_03/10/2016_14:50_Michaël Tanghe_9005";265678;"Pays de Morlaix";"MORL_03_CDB";"Perharidy (champ de blocs)";"02:50";4;;;"";
265685;"Beg Lann_CDB_04/10/2016_13:05_mlp_10907";265686;"Golfe du Morbihan";"GDMO_04_CDB";"Beg Lann (champ de blocs)";"01:05";0;;;"";
265689;"Boed_HRB_04/10/2016_15:10_MLP_10735";265690;"Golfe du Morbihan";"GDMO_03_HRB";"Boëd (herbier)";"03:10";5;;;"";
265699;"La Falaise_CDB_04/10/2016_13:24_mlp_10961";265700;"Golfe du Morbihan";"GDMO_01_CDB";"Locmariaquer (champ de blocs)";"01:24";2;;;"";
265713;"Boed_HRB_05/10/2016_15:45_MLP_10736";265714;"Golfe du Morbihan";"GDMO_03_HRB";"Boëd (herbier)";"03:45";0;;;"";
265723;"La Falaise_CDB_05/10/2016_14:00_mlp_10962";265724;"Golfe du Morbihan";"GDMO_01_CDB";"Locmariaquer (champ de blocs)";"02:00";2;;;"";
265785;"Boed_HRB_13/10/2016_10:55_MLP_10737";265786;"Golfe du Morbihan";"GDMO_03_HRB";"Boëd (herbier)";"10:55";3;;;"";
265795;"La Falaise_CDB_13/10/2016_09:05_mlp_10963";265796;"Golfe du Morbihan";"GDMO_01_CDB";"Locmariaquer (champ de blocs)";"09:05";0;;;"";
265827;"La Falaise_CDB_14/10/2016_10:00_mlp_10964";265828;"Golfe du Morbihan";"GDMO_01_CDB";"Locmariaquer (champ de blocs)";"10:00";12;;;"";
265909;"Perharidy_15/10/2016_12:05_Orélie Rosec_9014";265910;"Pays de Morlaix";"MORL_03_CDB";"Perharidy (champ de blocs)";"12:05";12;8;4;"";
265933;"Boed_HRB_16/10/2016_13:13_MLP_10738";265934;"Golfe du Morbihan";"GDMO_03_HRB";"Boëd (herbier)";"01:13";10;;;"";
265939;"Erquy_CDB_16/10/2016_NA_AAMP_7214";265940;"Golfe Normand Breton";"GONB_00C1_CDB";"Champs de blocs de l'îlot Saint-Michel (périmètre étendu)";;7;;;"";
265949;"La Falaise_CDB_16/10/2016_10:50_NA_10965";265950;"Golfe du Morbihan";"GDMO_01_CDB";"Locmariaquer (champ de blocs)";"10:50";137;;;"";
265955;"Perharidy_16/10/2016_12:30_Michaël Tanghe_9025";265956;"Pays de Morlaix";"MORL_03_CDB";"Perharidy (champ de blocs)";"12:30";16;;;"";
266075;"La Falaise_CDB_17/10/2016_12:40_mlp_10966";266076;"Golfe du Morbihan";"GDMO_01_CDB";"Locmariaquer (champ de blocs)";"12:40";102;;;"";
266109;"SAINT-NICOLAS / BANNANEC_CDB_17/10/2016_11:56_HY - MLR_11102";266110;"Finistère Sud";"FINS_12_CDB";"Saint-Nicolas des Glénan (champ de blocs)";"11:56";2;;;"";
266131;"MOUSTERLIN_CDB_18/10/2016_12:15_HY_11103";266132;"Finistère Sud";"FINS_02_CDB";"Pointe de Mousterlin (champ de blocs)";"12:15";2;;;"";
266137;"SAINT-NICOLAS / BANNANEC_CDB_18/10/2016_12:10_BF - BC_11104";266138;"Finistère Sud";"FINS_12_CDB";"Saint-Nicolas des Glénan (champ de blocs)";"12:10";3;;;"";
266173;"La Falaise_CDB_19/10/2016_13:27_mlp_10967";266174;"Golfe du Morbihan";"GDMO_01_CDB";"Locmariaquer (champ de blocs)";"01:27";15;;;"";
266191;"MOUSTERLIN_CDB_19/10/2016_13:10_HY - MLR_11105";266192;"Finistère Sud";"FINS_02_CDB";"Pointe de Mousterlin (champ de blocs)";"01:10";2;;;"";
266197;"Perharidy_19/10/2016_13:30_Michaël Tanghe_9029";266198;"Pays de Morlaix";"MORL_03_CDB";"Perharidy (champ de blocs)";"01:30";9;7;2;"";
266243;"Boed_HRB_28/10/2016_11:53_LV_10739";266244;"Golfe du Morbihan";"GDMO_03_HRB";"Boëd (herbier)";"11:53";6;;;"";
266275;"La Falaise_CDB_31/10/2016_11:00_mlp_10968";266276;"Golfe du Morbihan";"GDMO_01_CDB";"Locmariaquer (champ de blocs)";"11:00";6;;;"";
266285;"Boed_HRB_02/11/2016_13:56_LV_10740";266286;"Golfe du Morbihan";"GDMO_03_HRB";"Boëd (herbier)";"01:56";5;;;"";
266291;"La Falaise_CDB_02/11/2016_12:00_mlp_10969";266292;"Golfe du Morbihan";"GDMO_01_CDB";"Locmariaquer (champ de blocs)";"12:00";0;;;"";
266303;"La Falaise_CDB_03/11/2016_12:43_mlp_10970";266304;"Golfe du Morbihan";"GDMO_01_CDB";"Locmariaquer (champ de blocs)";"12:43";0;;;"";
266333;"Boed_HRB_12/11/2016_10:15_LV_10741";266334;"Golfe du Morbihan";"GDMO_03_HRB";"Boëd (herbier)";"10:15";0;;;"";
266341;"La Falaise_CDB_12/11/2016_08:30_mlp_10971";266342;"Golfe du Morbihan";"GDMO_01_CDB";"Locmariaquer (champ de blocs)";"08:30";3;;;"";
266351;"La Falaise_CDB_13/11/2016_09:05_mlp_10972";266352;"Golfe du Morbihan";"GDMO_01_CDB";"Locmariaquer (champ de blocs)";"09:05";15;;;"";
266365;"La Falaise_CDB_14/11/2016_10:00_mlp_10973";266366;"Golfe du Morbihan";"GDMO_01_CDB";"Locmariaquer (champ de blocs)";"10:00";75;;;"";
266369;"MOUSTERLIN_CDB_14/11/2016_NA_HY - MLR_11106";266370;"Finistère Sud";"FINS_02_CDB";"Pointe de Mousterlin (champ de blocs)";;2;;;"";
266507;"La Falaise_CDB_15/11/2016_10:31_mlp_10974";266508;"Golfe du Morbihan";"GDMO_01_CDB";"Locmariaquer (champ de blocs)";"10:31";65;;;"";
266523;"MOUSTERLIN_CDB_15/11/2016_11:10_HY_11107";266524;"Finistère Sud";"FINS_02_CDB";"Pointe de Mousterlin (champ de blocs)";"11:10";0;;;"";
266527;"Perharidy_15/11/2016_11:15_Michaël Tanghe_9038";266528;"Pays de Morlaix";"MORL_03_CDB";"Perharidy (champ de blocs)";"11:15";7;;;"";
266545;"SAINT-NICOLAS / BANNANEC_CDB_15/11/2016_10:30_BF - MLG - DC - NJ_11108";266546;"Finistère Sud";"FINS_12_CDB";"Saint-Nicolas des Glénan (champ de blocs)";"10:30";2;;;"";
266561;"Boed_HRB_16/11/2016_13:25_LV_10742";266562;"Golfe du Morbihan";"GDMO_03_HRB";"Boëd (herbier)";"01:25";11;;;"";
266579;"MOUSTERLIN_CDB_16/11/2016_11:15_MLR_11109";266580;"Finistère Sud";"FINS_02_CDB";"Pointe de Mousterlin (champ de blocs)";"11:15";0;;;"";
266583;"Perharidy_16/11/2016_12:00_Michaël Tanghe_9041";266584;"Pays de Morlaix";"MORL_03_CDB";"Perharidy (champ de blocs)";"12:00";0;;;"";
266595;"Beg Lann_CDB_17/11/2016_12:04_LV_10908";266596;"Golfe du Morbihan";"GDMO_04_CDB";"Beg Lann (champ de blocs)";"12:04";3;;;"";
266599;"Boed_HRB_17/11/2016_14:12_LV_10743";266600;"Golfe du Morbihan";"GDMO_03_HRB";"Boëd (herbier)";"02:12";0;;;"";
266625;"Boed_HRB_29/11/2016_12:22_LV_10744";266626;"Golfe du Morbihan";"GDMO_03_HRB";"Boëd (herbier)";"12:22";20;;;"";
266629;"Boed_HRB_30/11/2016_12:45_LV_10745";266630;"Golfe du Morbihan";"GDMO_03_HRB";"Boëd (herbier)";"12:45";20;;;"";
266659;"Boed_HRB_11/12/2016_13:50_LV_10746";266660;"Golfe du Morbihan";"GDMO_03_HRB";"Boëd (herbier)";"01:50";17;;;"";
266665;"Boed_HRB_12/12/2016_12:12_LV_10747";266666;"Golfe du Morbihan";"GDMO_03_HRB";"Boëd (herbier)";"12:12";20;;;"";
266673;"La Falaise_CDB_12/12/2016_09:00_mlp_10975";266674;"Golfe du Morbihan";"GDMO_01_CDB";"Locmariaquer (champ de blocs)";"09:00";0;;;"";
266679;"Boed_HRB_13/12/2016_10:54_LV_10748";266680;"Golfe du Morbihan";"GDMO_03_HRB";"Boëd (herbier)";"10:54";2;;;"";
266687;"La Falaise_CDB_13/12/2016_09:50_mlp_10976";266688;"Golfe du Morbihan";"GDMO_01_CDB";"Locmariaquer (champ de blocs)";"09:50";34;;;"";
266693;"Boed_HRB_14/12/2016_12:28_LV_10749";266694;"Golfe du Morbihan";"GDMO_03_HRB";"Boëd (herbier)";"12:28";21;;;"";
266705;"MOUSTERLIN_CDB_14/12/2016_10:14_MLR_11110";266706;"Finistère Sud";"FINS_02_CDB";"Pointe de Mousterlin (champ de blocs)";"10:14";3;;;"";
266723;"MOUSTERLIN_CDB_15/12/2016_11:00_MLR_11111";266724;"Finistère Sud";"FINS_02_CDB";"Pointe de Mousterlin (champ de blocs)";"11:00";1;;;"";
266729;"Beg Lann_CDB_16/12/2016_11:45_LV_10909";266730;"Golfe du Morbihan";"GDMO_04_CDB";"Beg Lann (champ de blocs)";"11:45";6;;;"";
266747;"Perharidy_16/12/2016_14:00_Michaël Tanghe_9049";266748;"Pays de Morlaix";"MORL_03_CDB";"Perharidy (champ de blocs)";"02:00";3;;;"Promeneurs, joggeurs";
397504;"2018-08-13-BASQ-FRE-166";397515;"Côte basque";"BASQ_01_CDB_ZF";"Les Flots Bleus (champ de blocs) - zone famille";"11:07";17;17;0;"Sports de glisse (surf, body-board, kite surf, etc.) | Promeneurs, joggeurs | Plagistes, baigneurs";"filets, épuisettes, seaux"
397504;"2018-08-13-BASQ-FRE-166";409880;"Côte basque";"BASQ_01_CDB_ZP";"Les Flots Bleus (champ de blocs) - zone pàªcheurs";"10:53";1;;;"";
409348;"2019-08-03-BASQ-FRE-129";409353;"Côte basque";"BASQ_01_CDB_ZP";"Les Flots Bleus (champ de blocs) - zone pàªcheurs";"11:00";6;6;0;"Promeneurs, joggeurs | Autres pêches de loisir";
409348;"2019-08-03-BASQ-FRE-129";409352;"Côte basque";"BASQ_01_CDB_ZF";"Les Flots Bleus (champ de blocs) - zone famille";"11:00";32;20;12;"Sports de glisse (surf, body-board, kite surf, etc.) | Plagistes, baigneurs";
429192;"2018-08-14-ECOT-FRE-068";429193;"Est Cotentin";"ECOT_08A_HRB_1";"Herbier sud de Saint-Vaast";"20:20";3;;;"";
429194;"2018-08-14-ECOT-FRE-069";429195;"Est Cotentin";"ECOT_08A_HRB_2";"Herbier Quettehou";"20:30";2;;;"";
